customer ID,cluster number
C10001,2
C10002,3
C10003,1
C10004,2
C10005,2
C10006,4
C10007,1
C10008,4
C10009,2
C10010,2
C10011,4
C10012,2
C10013,1
C10014,4
C10015,2
C10016,3
C10017,3
C10018,2
C10019,4
C10020,4
C10021,4
C10022,1
C10023,4
C10024,1
C10025,3
C10026,4
C10027,2
C10028,4
C10029,3
C10030,2
C10031,1
C10032,4
C10033,3
C10034,2
C10035,4
C10036,2
C10037,3
C10038,1
C10039,3
C10040,3
C10041,3
C10043,1
C10044,2
C10045,2
C10046,1
C10047,2
C10048,2
C10049,3
C10050,1
C10051,2
C10052,3
C10053,1
C10054,2
C10055,1
C10056,4
C10057,2
C10058,3
C10059,1
C10060,2
C10061,3
C10062,2
C10063,2
C10064,3
C10065,2
C10067,1
C10068,2
C10069,2
C10070,2
C10071,4
C10072,2
C10073,4
C10074,1
C10075,2
C10077,2
C10078,2
C10079,4
C10080,1
C10081,4
C10082,2
C10083,3
C10084,4
C10085,3
C10086,2
C10087,4
C10088,1
C10089,1
C10090,1
C10092,1
C10093,2
C10094,3
C10095,1
C10096,3
C10097,2
C10098,2
C10099,2
C10100,2
C10101,2
C10102,3
C10103,2
C10104,2
C10105,2
C10106,4
C10107,1
C10108,4
C10109,2
C10110,3
C10111,4
C10112,3
C10113,4
C10114,1
C10115,4
C10116,2
C10117,1
C10118,3
C10119,1
C10120,4
C10121,4
C10122,3
C10123,2
C10124,2
C10125,1
C10126,2
C10127,1
C10128,2
C10130,3
C10131,1
C10132,2
C10133,1
C10134,3
C10135,3
C10136,2
C10137,1
C10138,2
C10139,3
C10140,4
C10141,2
C10142,1
C10143,4
C10144,1
C10145,2
C10146,2
C10147,2
C10148,3
C10149,1
C10150,1
C10151,2
C10152,4
C10153,2
C10154,4
C10155,4
C10156,1
C10157,1
C10158,4
C10159,1
C10160,1
C10161,4
C10162,1
C10163,2
C10164,1
C10165,2
C10166,2
C10167,3
C10168,4
C10169,2
C10170,4
C10171,3
C10172,4
C10173,1
C10174,4
C10175,1
C10176,3
C10177,1
C10178,2
C10179,3
C10180,1
C10181,2
C10182,2
C10183,3
C10184,1
C10185,2
C10186,1
C10187,2
C10188,3
C10189,2
C10190,4
C10191,4
C10192,3
C10193,4
C10194,2
C10196,2
C10197,2
C10198,2
C10199,2
C10200,4
C10201,2
C10202,1
C10203,4
C10204,1
C10205,2
C10206,3
C10207,2
C10208,2
C10209,4
C10211,1
C10212,1
C10213,2
C10214,3
C10215,3
C10216,3
C10217,2
C10218,3
C10219,2
C10220,2
C10221,2
C10222,2
C10223,2
C10224,4
C10226,2
C10227,3
C10228,1
C10229,1
C10230,1
C10231,2
C10232,1
C10233,1
C10234,2
C10235,1
C10236,1
C10237,2
C10238,1
C10239,4
C10240,4
C10241,1
C10242,2
C10243,1
C10244,1
C10245,3
C10246,2
C10247,2
C10248,2
C10249,3
C10250,1
C10251,1
C10252,2
C10253,1
C10254,2
C10255,1
C10256,4
C10257,3
C10258,1
C10259,3
C10260,4
C10261,2
C10262,1
C10263,3
C10265,2
C10266,2
C10267,1
C10269,1
C10270,3
C10271,1
C10272,1
C10273,1
C10274,1
C10275,4
C10276,1
C10277,1
C10278,2
C10279,2
C10280,1
C10281,1
C10282,3
C10283,1
C10284,1
C10285,3
C10286,2
C10287,2
C10288,2
C10289,4
C10290,4
C10291,1
C10292,4
C10293,2
C10294,1
C10295,2
C10296,3
C10297,2
C10298,3
C10299,2
C10300,3
C10301,1
C10302,3
C10303,2
C10304,3
C10305,4
C10306,1
C10307,3
C10308,3
C10309,1
C10310,1
C10311,3
C10312,1
C10313,3
C10314,2
C10315,3
C10316,4
C10317,4
C10318,4
C10319,2
C10320,4
C10321,4
C10322,1
C10323,1
C10324,2
C10325,3
C10326,2
C10327,3
C10328,2
C10329,4
C10330,4
C10331,3
C10332,3
C10333,3
C10334,2
C10335,3
C10336,4
C10337,1
C10338,1
C10339,3
C10340,1
C10341,2
C10342,2
C10343,1
C10344,1
C10345,3
C10346,3
C10347,2
C10348,1
C10349,2
C10350,4
C10351,2
C10352,3
C10353,2
C10354,2
C10355,1
C10356,2
C10357,2
C10358,4
C10359,1
C10360,4
C10361,2
C10362,1
C10364,3
C10365,2
C10366,2
C10367,1
C10368,4
C10369,3
C10370,2
C10371,2
C10372,2
C10373,2
C10374,2
C10375,1
C10376,2
C10377,4
C10378,2
C10379,1
C10380,3
C10381,3
C10382,1
C10383,1
C10384,2
C10385,1
C10386,4
C10387,2
C10388,1
C10389,4
C10390,2
C10391,2
C10392,3
C10393,2
C10395,3
C10396,2
C10397,1
C10398,3
C10399,2
C10400,3
C10402,4
C10403,4
C10404,2
C10405,1
C10406,1
C10407,1
C10408,4
C10409,3
C10410,4
C10411,2
C10412,3
C10413,4
C10414,4
C10415,4
C10416,3
C10417,1
C10419,3
C10420,2
C10421,2
C10422,2
C10423,3
C10424,4
C10425,2
C10426,1
C10427,2
C10428,3
C10429,4
C10430,1
C10431,3
C10432,1
C10433,4
C10434,4
C10435,4
C10436,2
C10437,3
C10438,1
C10439,3
C10441,3
C10442,3
C10443,2
C10444,3
C10445,3
C10446,3
C10447,3
C10448,2
C10449,3
C10450,2
C10451,3
C10452,4
C10453,1
C10454,2
C10455,3
C10456,2
C10457,3
C10458,3
C10459,4
C10460,1
C10461,1
C10462,4
C10463,2
C10466,2
C10467,2
C10468,1
C10469,1
C10470,1
C10471,3
C10472,1
C10473,4
C10474,4
C10475,4
C10476,2
C10477,1
C10478,1
C10480,1
C10481,4
C10482,4
C10483,2
C10484,3
C10485,1
C10486,4
C10487,1
C10488,2
C10489,3
C10490,3
C10491,1
C10492,2
C10493,2
C10494,3
C10495,1
C10497,1
C10498,2
C10501,2
C10502,4
C10503,1
C10504,3
C10505,2
C10506,1
C10507,1
C10508,3
C10509,1
C10510,3
C10511,1
C10512,1
C10513,3
C10514,1
C10515,2
C10516,1
C10517,3
C10518,2
C10519,3
C10520,4
C10521,2
C10522,4
C10523,1
C10524,2
C10525,1
C10526,4
C10527,4
C10528,4
C10529,1
C10530,2
C10532,1
C10533,4
C10534,1
C10535,3
C10536,1
C10537,1
C10538,1
C10539,3
C10540,3
C10542,4
C10543,4
C10544,3
C10545,1
C10546,3
C10547,4
C10548,1
C10549,2
C10550,3
C10551,3
C10552,4
C10553,4
C10554,4
C10555,1
C10556,2
C10557,4
C10558,1
C10559,2
C10560,1
C10561,3
C10562,2
C10563,1
C10564,4
C10565,2
C10566,3
C10567,2
C10568,1
C10569,1
C10570,1
C10571,4
C10572,1
C10573,2
C10574,1
C10575,1
C10576,3
C10577,1
C10578,3
C10579,4
C10580,3
C10581,3
C10582,3
C10583,2
C10584,1
C10585,2
C10586,2
C10587,1
C10588,2
C10589,1
C10590,2
C10591,4
C10592,2
C10593,3
C10594,2
C10595,3
C10596,3
C10597,2
C10598,1
C10599,2
C10600,3
C10601,3
C10602,2
C10603,2
C10604,3
C10605,1
C10606,3
C10607,3
C10608,1
C10609,1
C10610,2
C10611,1
C10612,2
C10613,1
C10615,1
C10616,1
C10617,2
C10618,3
C10619,2
C10620,2
C10621,3
C10622,1
C10623,1
C10624,2
C10625,3
C10626,2
C10627,3
C10628,4
C10629,2
C10630,2
C10631,3
C10632,4
C10633,3
C10634,1
C10635,1
C10636,3
C10637,1
C10638,1
C10639,2
C10640,3
C10641,1
C10642,4
C10643,2
C10644,1
C10645,1
C10646,2
C10647,1
C10648,4
C10649,1
C10650,2
C10651,4
C10652,1
C10653,1
C10654,1
C10655,4
C10656,2
C10657,2
C10658,3
C10659,1
C10660,2
C10661,2
C10662,3
C10663,2
C10665,1
C10666,1
C10667,3
C10668,1
C10669,1
C10670,1
C10671,1
C10672,3
C10673,1
C10674,3
C10675,3
C10676,4
C10677,1
C10678,1
C10679,2
C10680,2
C10681,1
C10682,1
C10683,2
C10684,1
C10685,2
C10686,1
C10688,1
C10689,1
C10690,2
C10691,1
C10692,4
C10693,4
C10694,2
C10695,1
C10696,3
C10697,2
C10698,3
C10699,1
C10700,4
C10701,3
C10702,4
C10703,3
C10704,1
C10705,2
C10706,3
C10707,2
C10708,3
C10709,4
C10710,1
C10711,4
C10712,2
C10713,4
C10714,2
C10715,2
C10716,1
C10717,1
C10718,1
C10719,4
C10720,1
C10721,2
C10722,4
C10723,3
C10724,4
C10725,1
C10726,4
C10727,3
C10728,3
C10729,3
C10730,2
C10731,1
C10732,2
C10733,2
C10734,3
C10735,1
C10736,1
C10737,3
C10738,2
C10739,1
C10740,4
C10741,2
C10742,1
C10743,3
C10744,2
C10745,2
C10746,2
C10747,3
C10748,3
C10749,2
C10750,3
C10751,2
C10752,1
C10753,1
C10754,3
C10755,1
C10756,4
C10757,2
C10758,2
C10759,2
C10760,1
C10761,1
C10762,3
C10763,2
C10764,2
C10765,2
C10766,3
C10767,2
C10768,4
C10769,3
C10770,3
C10771,2
C10772,4
C10773,2
C10774,2
C10775,4
C10776,1
C10777,3
C10779,4
C10780,3
C10781,3
C10782,3
C10783,3
C10784,4
C10785,3
C10786,1
C10787,1
C10788,3
C10789,4
C10790,3
C10791,3
C10792,2
C10793,2
C10794,2
C10795,2
C10796,3
C10797,1
C10798,2
C10799,1
C10800,2
C10801,1
C10803,2
C10804,2
C10805,1
C10806,1
C10807,2
C10808,1
C10809,3
C10810,2
C10811,1
C10812,1
C10813,4
C10814,4
C10815,3
C10816,2
C10817,3
C10818,3
C10819,4
C10820,4
C10821,3
C10822,3
C10823,2
C10824,4
C10825,2
C10826,4
C10827,4
C10828,4
C10829,3
C10830,1
C10831,3
C10832,3
C10833,4
C10834,3
C10835,1
C10836,1
C10837,2
C10838,4
C10839,3
C10840,2
C10841,3
C10843,2
C10844,2
C10845,2
C10846,4
C10847,3
C10848,4
C10849,2
C10850,3
C10852,2
C10853,2
C10854,2
C10855,1
C10856,2
C10857,3
C10858,4
C10859,4
C10860,3
C10861,3
C10862,2
C10863,2
C10864,2
C10865,4
C10866,4
C10867,4
C10868,4
C10869,4
C10870,2
C10871,1
C10872,3
C10873,1
C10874,3
C10875,1
C10876,3
C10877,2
C10878,4
C10879,3
C10880,2
C10881,2
C10882,3
C10883,2
C10884,3
C10885,1
C10886,2
C10887,1
C10888,1
C10889,2
C10890,4
C10891,4
C10892,1
C10893,1
C10894,1
C10895,4
C10896,2
C10897,3
C10898,3
C10899,2
C10900,2
C10901,3
C10902,1
C10903,2
C10904,3
C10905,4
C10906,2
C10907,4
C10908,3
C10909,3
C10910,2
C10911,2
C10912,4
C10913,3
C10914,3
C10915,1
C10916,2
C10917,1
C10918,1
C10919,4
C10920,1
C10921,1
C10922,1
C10923,2
C10924,3
C10925,1
C10926,1
C10927,4
C10928,2
C10929,3
C10930,4
C10931,2
C10932,2
C10933,3
C10934,3
C10935,2
C10936,2
C10937,2
C10939,2
C10940,1
C10941,3
C10942,3
C10943,2
C10944,4
C10945,4
C10946,4
C10947,2
C10949,1
C10950,1
C10951,2
C10952,1
C10953,2
C10954,2
C10955,3
C10956,4
C10957,3
C10958,4
C10959,1
C10960,2
C10961,3
C10962,2
C10963,3
C10965,4
C10966,1
C10967,3
C10968,4
C10969,2
C10970,1
C10971,2
C10972,1
C10973,3
C10974,2
C10975,1
C10976,3
C10977,3
C10978,4
C10979,3
C10980,2
C10981,2
C10982,2
C10983,4
C10984,2
C10985,1
C10986,1
C10987,2
C10988,3
C10989,2
C10990,2
C10991,2
C10992,2
C10993,2
C10994,1
C10995,3
C10996,3
C10997,4
C10998,4
C10999,4
C11000,4
C11001,1
C11002,2
C11003,3
C11004,1
C11005,1
C11006,2
C11007,1
C11008,2
C11009,4
C11010,4
C11011,3
C11012,2
C11013,2
C11014,2
C11015,1
C11016,1
C11017,2
C11018,3
C11019,1
C11020,2
C11021,2
C11022,4
C11023,3
C11024,1
C11025,4
C11026,2
C11027,2
C11028,4
C11029,2
C11030,4
C11031,3
C11032,4
C11033,4
C11034,2
C11035,2
C11036,2
C11038,2
C11039,2
C11040,1
C11041,4
C11042,1
C11043,4
C11044,2
C11045,1
C11046,2
C11047,3
C11048,2
C11049,2
C11050,1
C11051,2
C11052,3
C11053,1
C11054,1
C11055,2
C11056,2
C11057,4
C11058,4
C11059,2
C11060,2
C11061,2
C11062,2
C11063,2
C11064,3
C11065,3
C11066,1
C11067,3
C11068,1
C11069,2
C11070,3
C11071,2
C11072,3
C11073,4
C11074,2
C11075,2
C11076,2
C11077,3
C11078,4
C11079,2
C11080,2
C11081,2
C11082,1
C11083,2
C11084,2
C11085,3
C11086,2
C11087,4
C11088,1
C11089,4
C11090,4
C11091,4
C11092,2
C11093,4
C11094,1
C11095,2
C11096,1
C11097,2
C11098,3
C11099,2
C11100,2
C11101,2
C11102,3
C11103,3
C11104,2
C11105,2
C11106,4
C11107,2
C11108,2
C11109,2
C11110,2
C11111,3
C11112,2
C11113,2
C11114,1
C11115,2
C11116,2
C11117,2
C11118,2
C11119,4
C11120,2
C11121,3
C11122,1
C11123,3
C11124,3
C11125,2
C11126,3
C11128,2
C11129,2
C11130,2
C11131,4
C11132,3
C11133,2
C11134,1
C11135,2
C11136,3
C11137,4
C11138,4
C11139,1
C11140,3
C11141,2
C11142,2
C11143,4
C11145,3
C11146,3
C11148,3
C11149,4
C11150,2
C11151,3
C11152,3
C11153,2
C11154,4
C11155,2
C11156,1
C11157,3
C11158,3
C11159,2
C11161,2
C11162,2
C11163,2
C11164,1
C11165,1
C11166,2
C11167,4
C11169,2
C11170,2
C11171,2
C11172,2
C11173,3
C11174,3
C11175,1
C11176,2
C11177,1
C11178,4
C11179,4
C11180,3
C11181,2
C11182,1
C11184,3
C11185,2
C11186,3
C11187,2
C11188,3
C11189,4
C11190,1
C11192,1
C11193,1
C11195,4
C11196,4
C11197,2
C11198,2
C11199,1
C11200,2
C11201,4
C11202,4
C11203,4
C11204,1
C11205,3
C11206,3
C11207,2
C11208,2
C11209,2
C11210,2
C11211,2
C11212,4
C11213,2
C11214,3
C11215,2
C11216,2
C11217,2
C11219,3
C11220,1
C11221,4
C11222,3
C11223,2
C11224,3
C11225,3
C11226,3
C11227,1
C11228,4
C11229,4
C11230,2
C11231,4
C11232,2
C11233,2
C11234,1
C11235,2
C11236,3
C11237,1
C11238,2
C11239,3
C11240,4
C11241,1
C11242,4
C11243,1
C11244,2
C11245,4
C11246,1
C11247,2
C11248,2
C11249,4
C11250,4
C11251,2
C11252,3
C11253,2
C11254,2
C11255,3
C11256,1
C11257,1
C11258,4
C11259,2
C11260,1
C11261,3
C11262,1
C11263,2
C11264,2
C11265,1
C11266,3
C11267,2
C11268,4
C11269,3
C11270,1
C11271,2
C11272,2
C11273,3
C11274,4
C11275,2
C11276,1
C11277,2
C11278,4
C11279,2
C11280,3
C11281,2
C11282,2
C11283,2
C11284,1
C11285,1
C11286,1
C11287,2
C11288,3
C11289,2
C11290,2
C11291,4
C11292,1
C11293,3
C11294,4
C11295,2
C11296,2
C11297,2
C11298,3
C11299,1
C11300,1
C11301,4
C11302,4
C11303,3
C11304,2
C11305,2
C11306,3
C11307,1
C11308,1
C11309,4
C11310,2
C11311,2
C11312,1
C11313,1
C11314,4
C11315,1
C11316,2
C11317,2
C11318,2
C11319,1
C11320,4
C11321,1
C11322,2
C11323,2
C11324,2
C11325,4
C11326,3
C11327,2
C11328,2
C11329,4
C11330,1
C11331,1
C11332,1
C11334,3
C11335,1
C11336,3
C11337,1
C11338,1
C11339,2
C11340,2
C11341,4
C11342,1
C11343,2
C11344,1
C11345,3
C11346,2
C11347,1
C11348,2
C11349,1
C11350,1
C11351,4
C11352,3
C11353,1
C11354,2
C11355,2
C11356,1
C11357,2
C11358,2
C11359,1
C11360,3
C11361,2
C11362,2
C11363,4
C11364,3
C11365,2
C11366,2
C11367,1
C11368,1
C11369,2
C11370,1
C11371,4
C11372,2
C11373,3
C11374,4
C11375,3
C11376,1
C11377,3
C11378,3
C11379,4
C11380,3
C11381,3
C11382,2
C11383,1
C11384,4
C11385,4
C11386,3
C11387,1
C11388,1
C11389,2
C11390,3
C11391,4
C11392,2
C11394,3
C11395,1
C11396,3
C11397,1
C11398,4
C11399,2
C11400,2
C11401,2
C11402,1
C11403,1
C11404,1
C11405,3
C11406,1
C11407,1
C11408,4
C11409,4
C11410,2
C11411,3
C11412,4
C11413,3
C11414,1
C11415,1
C11416,1
C11417,1
C11418,2
C11419,1
C11420,1
C11421,2
C11422,2
C11423,2
C11424,3
C11425,2
C11426,4
C11427,4
C11428,1
C11429,2
C11430,1
C11431,2
C11432,2
C11433,3
C11434,2
C11435,3
C11436,4
C11437,2
C11438,2
C11439,2
C11440,2
C11441,1
C11442,4
C11443,3
C11444,4
C11445,1
C11446,3
C11447,4
C11448,2
C11449,1
C11450,4
C11451,2
C11452,1
C11453,2
C11454,4
C11455,4
C11456,3
C11457,1
C11458,1
C11459,4
C11460,2
C11461,4
C11463,1
C11464,2
C11466,2
C11467,2
C11468,1
C11469,2
C11470,1
C11471,1
C11472,1
C11473,2
C11474,2
C11475,1
C11476,2
C11477,2
C11478,4
C11479,2
C11480,1
C11481,4
C11482,1
C11483,3
C11484,1
C11485,4
C11486,4
C11487,1
C11488,4
C11489,2
C11490,3
C11491,1
C11492,1
C11493,4
C11494,4
C11495,1
C11496,4
C11497,3
C11498,3
C11499,3
C11500,4
C11501,3
C11502,1
C11503,4
C11504,2
C11505,4
C11506,2
C11507,1
C11508,1
C11509,3
C11510,3
C11511,1
C11512,3
C11513,1
C11514,1
C11515,3
C11516,4
C11517,3
C11518,2
C11519,1
C11520,2
C11522,4
C11523,1
C11524,3
C11526,2
C11527,1
C11528,1
C11529,1
C11530,2
C11531,3
C11532,1
C11533,1
C11534,4
C11536,2
C11537,3
C11538,3
C11539,2
C11540,3
C11541,1
C11542,3
C11543,2
C11544,3
C11545,1
C11546,2
C11547,4
C11548,1
C11549,1
C11550,1
C11551,2
C11552,4
C11553,4
C11554,1
C11555,3
C11556,3
C11557,2
C11558,4
C11559,2
C11560,2
C11561,1
C11562,2
C11563,3
C11564,3
C11565,4
C11566,1
C11567,1
C11568,3
C11569,3
C11570,1
C11571,4
C11572,2
C11573,1
C11574,1
C11575,1
C11576,3
C11577,4
C11578,1
C11579,2
C11580,2
C11581,2
C11582,4
C11583,1
C11585,1
C11586,4
C11587,2
C11588,3
C11589,3
C11590,2
C11591,4
C11592,2
C11593,4
C11594,2
C11595,2
C11596,2
C11597,1
C11598,2
C11599,3
C11600,2
C11601,1
C11602,2
C11603,3
C11604,4
C11605,4
C11606,4
C11607,2
C11608,4
C11609,4
C11610,3
C11611,1
C11612,1
C11613,2
C11614,3
C11615,3
C11616,2
C11617,2
C11618,4
C11619,1
C11621,4
C11622,1
C11623,2
C11624,2
C11625,1
C11626,4
C11627,2
C11628,1
C11629,2
C11630,3
C11631,3
C11632,2
C11633,2
C11634,2
C11635,1
C11636,2
C11637,4
C11638,1
C11639,4
C11640,2
C11641,1
C11642,2
C11643,4
C11644,4
C11645,4
C11646,4
C11647,2
C11648,2
C11649,4
C11650,4
C11651,4
C11652,2
C11653,3
C11654,4
C11655,2
C11656,1
C11657,1
C11658,1
C11659,4
C11660,4
C11661,3
C11662,1
C11663,1
C11664,2
C11666,3
C11667,1
C11668,4
C11669,1
C11670,1
C11671,1
C11672,1
C11673,2
C11674,2
C11675,2
C11676,2
C11677,4
C11678,1
C11679,2
C11680,3
C11681,2
C11682,4
C11683,3
C11684,2
C11685,1
C11686,2
C11687,3
C11688,4
C11689,2
C11690,3
C11691,2
C11692,1
C11693,1
C11694,2
C11695,1
C11696,4
C11697,2
C11698,1
C11699,2
C11700,3
C11701,1
C11702,3
C11703,1
C11704,1
C11705,2
C11706,3
C11707,1
C11708,1
C11709,3
C11710,1
C11711,4
C11712,4
C11713,2
C11714,3
C11715,1
C11716,2
C11717,1
C11718,4
C11719,2
C11720,4
C11721,1
C11722,2
C11723,2
C11724,1
C11725,2
C11726,4
C11728,4
C11729,1
C11730,3
C11731,3
C11732,4
C11733,1
C11734,2
C11735,3
C11736,1
C11737,3
C11738,2
C11739,4
C11740,4
C11741,3
C11742,4
C11743,3
C11744,3
C11745,3
C11746,4
C11747,2
C11749,2
C11750,2
C11751,2
C11752,2
C11753,1
C11754,3
C11755,3
C11756,3
C11757,3
C11758,1
C11759,4
C11760,1
C11761,2
C11762,3
C11763,1
C11764,1
C11765,1
C11766,3
C11767,4
C11768,3
C11769,2
C11770,1
C11771,4
C11773,1
C11774,1
C11775,3
C11776,1
C11777,1
C11778,1
C11779,4
C11780,4
C11781,2
C11782,2
C11784,2
C11785,1
C11786,1
C11787,1
C11788,2
C11789,2
C11790,2
C11791,2
C11792,4
C11794,3
C11795,3
C11796,2
C11797,1
C11798,1
C11799,3
C11800,1
C11801,1
C11802,2
C11803,4
C11804,4
C11805,4
C11806,1
C11807,2
C11808,4
C11809,2
C11810,4
C11811,2
C11813,1
C11814,1
C11815,1
C11816,1
C11817,2
C11818,4
C11819,1
C11820,3
C11821,2
C11822,1
C11823,1
C11824,1
C11825,1
C11826,2
C11827,1
C11828,4
C11829,3
C11830,4
C11831,4
C11832,1
C11833,4
C11834,3
C11835,1
C11836,2
C11837,3
C11838,3
C11839,2
C11840,2
C11841,1
C11842,1
C11843,2
C11844,1
C11845,2
C11846,2
C11847,3
C11848,1
C11849,2
C11850,4
C11851,1
C11852,2
C11853,2
C11854,3
C11855,3
C11856,4
C11857,1
C11858,2
C11859,3
C11860,2
C11861,3
C11862,2
C11863,4
C11864,3
C11865,2
C11866,4
C11867,2
C11868,3
C11869,2
C11870,3
C11871,3
C11872,2
C11873,2
C11874,4
C11875,4
C11876,2
C11877,1
C11878,3
C11879,2
C11880,2
C11881,4
C11882,4
C11883,1
C11884,1
C11885,2
C11886,1
C11887,1
C11888,4
C11889,3
C11890,2
C11892,3
C11893,3
C11894,4
C11895,4
C11896,3
C11897,1
C11898,4
C11899,4
C11900,2
C11901,2
C11902,3
C11903,1
C11904,4
C11905,1
C11906,1
C11907,2
C11908,2
C11909,2
C11910,2
C11911,2
C11912,1
C11913,2
C11914,2
C11915,3
C11916,4
C11917,3
C11918,1
C11919,3
C11920,2
C11921,4
C11922,4
C11924,4
C11925,2
C11926,1
C11927,4
C11928,3
C11929,1
C11930,2
C11931,2
C11932,1
C11933,1
C11934,2
C11935,4
C11936,2
C11937,4
C11938,4
C11939,2
C11940,4
C11941,2
C11942,1
C11943,1
C11944,2
C11945,3
C11946,1
C11947,2
C11948,2
C11949,2
C11950,2
C11951,2
C11952,3
C11953,4
C11954,2
C11955,1
C11956,3
C11957,2
C11958,4
C11959,2
C11960,4
C11961,2
C11962,2
C11963,3
C11964,1
C11965,1
C11966,3
C11967,3
C11968,1
C11969,3
C11970,4
C11971,3
C11972,4
C11973,2
C11974,1
C11975,3
C11976,4
C11977,1
C11978,2
C11979,3
C11980,4
C11981,3
C11982,3
C11983,4
C11984,2
C11985,3
C11986,3
C11987,3
C11988,4
C11989,4
C11990,2
C11991,4
C11992,3
C11993,4
C11994,2
C11995,3
C11996,3
C11997,2
C11998,3
C11999,3
C12000,2
C12001,2
C12002,2
C12004,2
C12005,2
C12006,1
C12007,1
C12008,2
C12009,4
C12010,4
C12011,4
C12012,4
C12013,3
C12014,3
C12015,4
C12016,1
C12017,1
C12018,2
C12019,4
C12020,3
C12021,4
C12022,1
C12023,2
C12024,1
C12025,3
C12026,4
C12027,2
C12028,2
C12029,2
C12030,4
C12031,4
C12032,3
C12033,2
C12034,3
C12035,4
C12036,4
C12037,3
C12038,1
C12039,2
C12040,4
C12041,4
C12042,1
C12043,2
C12044,2
C12045,2
C12046,1
C12047,3
C12048,4
C12049,1
C12050,2
C12051,3
C12052,4
C12053,2
C12054,1
C12055,2
C12056,1
C12057,2
C12058,2
C12059,4
C12060,1
C12061,2
C12062,4
C12063,3
C12064,3
C12065,2
C12066,3
C12067,4
C12068,2
C12069,2
C12070,4
C12071,3
C12072,4
C12073,2
C12074,2
C12075,4
C12076,2
C12077,3
C12078,1
C12079,1
C12080,2
C12081,1
C12082,3
C12083,3
C12084,4
C12085,2
C12086,4
C12087,1
C12088,1
C12089,2
C12090,2
C12091,1
C12092,1
C12093,2
C12094,4
C12095,4
C12096,4
C12097,3
C12098,2
C12099,3
C12100,4
C12101,3
C12102,3
C12103,1
C12104,2
C12105,4
C12107,3
C12108,3
C12109,3
C12110,1
C12111,1
C12112,3
C12113,2
C12114,3
C12115,1
C12116,2
C12117,2
C12118,1
C12119,1
C12120,2
C12121,2
C12122,3
C12124,1
C12125,2
C12127,2
C12128,3
C12129,2
C12130,2
C12131,3
C12132,2
C12133,4
C12134,1
C12135,4
C12136,3
C12137,1
C12138,3
C12139,2
C12140,1
C12141,3
C12142,4
C12143,1
C12144,2
C12145,3
C12146,3
C12147,1
C12148,1
C12149,2
C12150,1
C12151,2
C12152,3
C12153,3
C12154,1
C12155,3
C12156,3
C12157,2
C12158,1
C12159,4
C12160,1
C12161,1
C12162,2
C12163,2
C12164,2
C12165,2
C12166,2
C12167,3
C12168,4
C12169,2
C12170,2
C12171,2
C12172,3
C12173,1
C12174,3
C12175,1
C12176,4
C12177,2
C12178,1
C12179,2
C12180,2
C12181,1
C12182,1
C12183,2
C12184,2
C12185,3
C12186,3
C12187,2
C12188,4
C12189,2
C12190,4
C12191,4
C12192,4
C12194,2
C12195,4
C12196,1
C12197,2
C12198,3
C12199,1
C12200,2
C12201,4
C12202,2
C12203,4
C12204,2
C12205,1
C12206,2
C12207,1
C12208,1
C12209,2
C12210,1
C12211,4
C12212,2
C12213,1
C12214,4
C12215,3
C12216,2
C12217,2
C12218,2
C12219,1
C12220,4
C12221,1
C12222,3
C12223,3
C12224,1
C12225,1
C12226,3
C12227,2
C12228,4
C12229,4
C12230,2
C12231,1
C12232,4
C12233,2
C12234,2
C12235,4
C12236,2
C12237,2
C12238,3
C12239,4
C12240,2
C12241,3
C12242,4
C12243,4
C12244,1
C12246,4
C12247,3
C12248,2
C12249,3
C12250,1
C12251,4
C12252,2
C12253,4
C12254,2
C12255,2
C12256,1
C12257,3
C12258,3
C12260,3
C12261,2
C12262,3
C12263,2
C12264,2
C12265,3
C12266,4
C12267,3
C12268,2
C12269,3
C12270,2
C12271,2
C12272,1
C12273,1
C12274,1
C12275,3
C12276,4
C12277,1
C12278,4
C12279,3
C12280,2
C12281,1
C12282,2
C12283,2
C12284,3
C12285,2
C12286,1
C12287,1
C12288,2
C12289,1
C12291,2
C12292,4
C12293,2
C12294,2
C12295,1
C12296,3
C12297,2
C12298,2
C12299,2
C12300,4
C12301,2
C12302,1
C12303,4
C12304,2
C12305,1
C12306,1
C12307,2
C12308,4
C12309,4
C12310,3
C12311,1
C12312,2
C12313,2
C12314,4
C12315,4
C12316,3
C12317,2
C12318,3
C12319,3
C12320,2
C12321,1
C12322,2
C12323,4
C12324,2
C12325,4
C12326,2
C12327,1
C12329,3
C12330,1
C12331,2
C12332,1
C12333,4
C12334,3
C12335,2
C12336,1
C12337,3
C12338,3
C12339,2
C12340,2
C12341,2
C12342,3
C12343,1
C12344,2
C12345,4
C12346,2
C12347,1
C12348,1
C12349,3
C12350,2
C12351,4
C12352,2
C12353,2
C12354,2
C12355,2
C12356,4
C12357,1
C12358,4
C12359,1
C12360,2
C12361,4
C12362,1
C12363,2
C12364,4
C12365,2
C12366,2
C12367,1
C12368,2
C12369,3
C12370,2
C12371,2
C12372,4
C12373,3
C12374,4
C12375,2
C12376,3
C12377,3
C12378,2
C12381,4
C12382,1
C12383,1
C12384,1
C12385,4
C12386,2
C12387,4
C12388,2
C12389,4
C12390,4
C12391,4
C12392,2
C12393,2
C12394,2
C12395,3
C12396,2
C12397,3
C12398,4
C12399,2
C12400,4
C12401,2
C12402,3
C12403,4
C12404,1
C12405,1
C12406,4
C12407,4
C12408,2
C12409,1
C12410,1
C12411,2
C12412,1
C12413,3
C12414,4
C12415,3
C12416,3
C12417,3
C12418,1
C12419,4
C12420,4
C12421,3
C12422,3
C12423,2
C12424,2
C12425,3
C12426,2
C12427,2
C12428,4
C12429,2
C12430,4
C12431,2
C12432,1
C12433,1
C12434,3
C12435,1
C12436,1
C12437,4
C12438,2
C12439,3
C12440,2
C12441,4
C12442,1
C12443,2
C12444,2
C12445,4
C12446,1
C12447,4
C12448,2
C12449,4
C12450,2
C12451,2
C12452,4
C12453,4
C12454,4
C12455,1
C12456,1
C12457,1
C12458,3
C12459,2
C12460,3
C12461,4
C12462,3
C12463,2
C12464,1
C12465,1
C12466,2
C12467,3
C12468,1
C12469,2
C12470,3
C12471,1
C12472,3
C12473,1
C12474,2
C12475,2
C12476,3
C12477,4
C12478,4
C12479,1
C12480,2
C12481,3
C12482,4
C12483,4
C12484,4
C12485,2
C12486,3
C12487,2
C12488,4
C12489,1
C12490,4
C12491,4
C12492,4
C12493,1
C12494,1
C12495,3
C12497,2
C12498,2
C12499,2
C12500,3
C12501,3
C12502,2
C12503,2
C12504,2
C12505,1
C12506,3
C12507,4
C12508,4
C12509,4
C12510,4
C12511,3
C12512,4
C12513,3
C12514,4
C12515,3
C12516,3
C12517,4
C12518,1
C12519,1
C12520,1
C12521,2
C12522,3
C12523,3
C12524,2
C12525,2
C12526,4
C12527,1
C12528,3
C12529,2
C12530,2
C12531,1
C12532,2
C12533,2
C12534,2
C12535,2
C12536,2
C12537,3
C12538,4
C12539,3
C12540,2
C12541,3
C12542,1
C12543,1
C12544,3
C12545,4
C12546,2
C12547,1
C12548,3
C12549,3
C12550,1
C12551,1
C12552,4
C12553,4
C12554,4
C12555,2
C12556,2
C12557,2
C12558,4
C12559,4
C12560,2
C12561,3
C12562,3
C12563,3
C12564,3
C12565,4
C12566,1
C12567,2
C12568,3
C12569,3
C12570,2
C12571,2
C12572,1
C12573,1
C12574,1
C12575,4
C12576,1
C12577,1
C12578,2
C12579,2
C12580,1
C12581,2
C12582,4
C12583,4
C12584,2
C12585,3
C12586,2
C12587,3
C12588,3
C12589,1
C12590,3
C12591,2
C12592,1
C12593,3
C12594,2
C12595,2
C12596,1
C12597,1
C12598,4
C12599,2
C12600,2
C12601,1
C12602,1
C12603,3
C12604,4
C12605,3
C12606,2
C12607,2
C12608,4
C12609,2
C12610,4
C12611,1
C12612,2
C12613,4
C12614,3
C12615,2
C12616,2
C12617,2
C12618,1
C12619,2
C12620,3
C12621,2
C12622,3
C12623,4
C12624,1
C12625,1
C12626,2
C12627,4
C12628,3
C12629,3
C12630,2
C12631,2
C12632,4
C12633,2
C12634,1
C12635,3
C12636,2
C12637,2
C12638,2
C12639,2
C12640,2
C12641,1
C12642,1
C12643,2
C12644,3
C12645,3
C12646,2
C12647,1
C12648,1
C12650,2
C12651,3
C12652,2
C12653,3
C12654,3
C12655,2
C12656,3
C12657,4
C12658,4
C12659,2
C12660,3
C12661,4
C12663,2
C12664,4
C12665,2
C12666,4
C12667,1
C12668,2
C12669,3
C12670,4
C12671,3
C12672,3
C12673,2
C12674,3
C12675,3
C12676,1
C12677,4
C12678,2
C12679,2
C12680,4
C12681,3
C12682,3
C12683,3
C12684,3
C12685,4
C12686,2
C12687,2
C12688,3
C12689,1
C12690,3
C12691,2
C12692,4
C12693,2
C12694,4
C12695,2
C12696,4
C12697,2
C12698,4
C12699,2
C12700,4
C12701,3
C12702,2
C12703,4
C12704,2
C12705,1
C12706,2
C12707,3
C12708,3
C12709,3
C12710,2
C12712,1
C12713,2
C12714,2
C12715,2
C12716,3
C12717,1
C12718,1
C12719,3
C12720,3
C12721,2
C12722,3
C12723,4
C12724,4
C12725,2
C12726,3
C12727,2
C12728,2
C12729,3
C12730,4
C12731,2
C12732,4
C12733,1
C12734,3
C12735,2
C12736,2
C12737,3
C12738,2
C12739,1
C12740,2
C12741,1
C12742,4
C12743,4
C12744,2
C12745,2
C12746,3
C12747,4
C12748,1
C12749,3
C12750,3
C12751,2
C12752,2
C12753,3
C12754,3
C12755,2
C12756,4
C12757,3
C12758,3
C12759,3
C12760,4
C12761,3
C12762,3
C12763,4
C12764,1
C12765,1
C12766,4
C12767,3
C12768,2
C12769,3
C12770,3
C12771,2
C12772,3
C12773,1
C12774,1
C12775,1
C12776,3
C12777,2
C12778,2
C12779,4
C12780,2
C12781,2
C12782,2
C12783,3
C12784,4
C12786,3
C12787,1
C12788,3
C12789,2
C12790,1
C12791,2
C12792,2
C12793,4
C12794,3
C12795,1
C12796,1
C12797,4
C12798,2
C12799,1
C12800,3
C12801,1
C12802,1
C12803,2
C12804,3
C12805,3
C12806,1
C12807,3
C12808,3
C12809,4
C12810,1
C12811,2
C12812,4
C12813,2
C12814,2
C12815,1
C12816,2
C12818,2
C12819,2
C12820,3
C12821,3
C12822,1
C12823,4
C12824,1
C12825,3
C12826,2
C12827,4
C12828,4
C12829,1
C12830,1
C12831,4
C12832,2
C12833,2
C12834,3
C12835,3
C12836,1
C12837,1
C12838,1
C12839,1
C12840,1
C12841,3
C12842,1
C12843,2
C12844,4
C12845,3
C12846,4
C12847,4
C12848,2
C12849,2
C12850,2
C12851,2
C12852,2
C12853,2
C12854,2
C12855,1
C12857,2
C12858,1
C12859,3
C12860,3
C12861,4
C12862,1
C12863,1
C12864,4
C12865,2
C12866,1
C12867,2
C12868,4
C12869,2
C12871,2
C12872,2
C12873,3
C12874,1
C12875,2
C12876,2
C12877,1
C12878,2
C12879,2
C12880,2
C12881,1
C12883,1
C12884,2
C12885,1
C12886,2
C12887,2
C12888,1
C12889,2
C12890,2
C12891,4
C12892,1
C12893,1
C12894,2
C12895,4
C12896,2
C12897,3
C12898,1
C12899,2
C12900,3
C12901,2
C12902,3
C12903,2
C12904,1
C12905,1
C12906,3
C12907,2
C12908,2
C12909,1
C12910,3
C12911,3
C12912,3
C12913,3
C12914,4
C12915,1
C12916,1
C12917,2
C12918,3
C12919,1
C12920,2
C12921,3
C12922,3
C12923,2
C12924,4
C12925,1
C12926,2
C12927,2
C12928,3
C12929,1
C12930,4
C12931,4
C12932,4
C12933,2
C12934,1
C12935,4
C12936,4
C12937,4
C12938,4
C12939,2
C12941,2
C12943,3
C12944,2
C12945,2
C12946,3
C12947,2
C12948,2
C12949,3
C12950,2
C12951,3
C12952,1
C12953,3
C12954,1
C12955,1
C12956,4
C12957,1
C12958,2
C12959,4
C12960,2
C12961,2
C12962,3
C12963,2
C12964,2
C12965,2
C12966,2
C12967,2
C12968,3
C12969,4
C12970,3
C12971,3
C12972,3
C12973,3
C12974,2
C12975,4
C12976,4
C12977,2
C12978,3
C12979,2
C12980,2
C12981,1
C12982,2
C12983,4
C12984,4
C12985,4
C12986,2
C12987,1
C12988,1
C12989,4
C12990,4
C12991,2
C12992,2
C12993,2
C12994,2
C12995,2
C12996,2
C12997,1
C12998,4
C12999,3
C13000,4
C13001,4
C13002,1
C13004,4
C13005,2
C13006,2
C13007,3
C13008,3
C13009,2
C13011,2
C13012,3
C13013,1
C13014,3
C13015,2
C13016,4
C13017,1
C13018,4
C13019,2
C13020,4
C13021,3
C13022,3
C13023,3
C13024,3
C13025,2
C13026,4
C13027,3
C13028,2
C13029,2
C13031,2
C13032,2
C13033,2
C13034,3
C13035,4
C13036,2
C13037,2
C13038,1
C13039,2
C13040,2
C13041,3
C13042,2
C13043,3
C13044,3
C13045,4
C13046,4
C13047,3
C13048,1
C13049,3
C13050,2
C13051,3
C13052,3
C13053,3
C13054,4
C13056,2
C13057,2
C13058,1
C13059,2
C13060,4
C13061,3
C13062,2
C13063,1
C13064,1
C13065,4
C13066,4
C13067,3
C13068,2
C13069,4
C13070,2
C13071,3
C13072,2
C13073,1
C13074,2
C13076,1
C13077,1
C13078,3
C13079,4
C13080,2
C13081,3
C13082,4
C13083,2
C13084,3
C13085,4
C13086,4
C13087,4
C13088,2
C13089,1
C13090,3
C13091,2
C13092,2
C13093,4
C13094,2
C13095,1
C13096,1
C13097,1
C13098,2
C13099,1
C13100,2
C13101,2
C13102,4
C13103,3
C13104,4
C13105,4
C13106,2
C13107,4
C13108,1
C13109,1
C13110,2
C13111,1
C13112,1
C13113,3
C13114,4
C13115,2
C13116,3
C13117,4
C13118,2
C13119,1
C13120,2
C13121,3
C13122,2
C13123,2
C13124,2
C13125,3
C13126,2
C13127,3
C13128,3
C13129,2
C13130,4
C13131,4
C13132,2
C13133,2
C13134,1
C13135,3
C13136,2
C13137,2
C13138,2
C13139,2
C13140,3
C13141,4
C13142,4
C13143,4
C13144,1
C13145,4
C13146,1
C13147,2
C13148,1
C13149,2
C13150,2
C13151,4
C13152,3
C13153,4
C13154,2
C13155,2
C13156,2
C13157,3
C13158,1
C13159,2
C13160,2
C13161,4
C13162,1
C13163,4
C13164,2
C13165,2
C13166,2
C13167,2
C13168,2
C13169,3
C13170,1
C13171,3
C13172,3
C13173,2
C13174,4
C13175,2
C13176,2
C13178,1
C13179,3
C13180,2
C13181,2
C13182,2
C13183,1
C13184,2
C13185,3
C13186,3
C13187,2
C13188,2
C13189,3
C13190,1
C13191,4
C13192,3
C13193,3
C13194,2
C13195,1
C13196,3
C13197,3
C13198,4
C13199,3
C13200,2
C13201,4
C13202,4
C13203,3
C13204,3
C13205,3
C13206,1
C13207,2
C13208,1
C13209,2
C13210,3
C13211,1
C13212,4
C13213,1
C13214,4
C13215,3
C13216,4
C13217,3
C13218,2
C13219,3
C13220,4
C13221,2
C13222,4
C13223,2
C13224,4
C13225,3
C13226,2
C13227,2
C13228,4
C13229,4
C13230,1
C13231,3
C13232,4
C13233,4
C13234,4
C13235,4
C13236,1
C13237,2
C13238,2
C13239,4
C13240,1
C13241,1
C13242,3
C13243,3
C13244,2
C13245,3
C13246,1
C13247,1
C13248,1
C13249,4
C13250,1
C13251,2
C13252,2
C13253,2
C13254,2
C13255,3
C13257,2
C13258,2
C13259,2
C13260,2
C13261,4
C13262,1
C13263,4
C13264,2
C13265,3
C13266,2
C13267,4
C13268,2
C13269,3
C13270,2
C13271,1
C13272,1
C13273,2
C13275,3
C13276,2
C13277,1
C13278,2
C13279,2
C13280,2
C13282,2
C13283,3
C13284,4
C13285,3
C13286,2
C13287,2
C13288,1
C13289,4
C13290,3
C13291,3
C13292,2
C13293,1
C13294,2
C13295,3
C13296,1
C13297,3
C13298,4
C13299,2
C13300,3
C13301,2
C13302,2
C13303,3
C13304,2
C13305,3
C13306,2
C13307,2
C13308,2
C13309,2
C13310,2
C13312,2
C13313,3
C13314,3
C13315,3
C13316,2
C13317,2
C13318,1
C13319,2
C13320,2
C13321,1
C13322,1
C13323,2
C13324,4
C13325,4
C13326,3
C13327,4
C13328,1
C13329,2
C13330,2
C13331,2
C13332,1
C13333,2
C13334,1
C13335,1
C13336,2
C13337,3
C13338,4
C13339,3
C13340,1
C13341,2
C13342,3
C13343,4
C13344,2
C13345,1
C13346,3
C13347,3
C13348,2
C13349,4
C13350,4
C13351,3
C13352,4
C13353,3
C13354,1
C13355,3
C13356,3
C13357,2
C13358,3
C13359,3
C13360,2
C13361,1
C13362,2
C13363,1
C13364,1
C13365,3
C13366,2
C13367,3
C13368,3
C13369,1
C13370,4
C13371,1
C13372,4
C13373,2
C13374,3
C13375,2
C13376,1
C13377,3
C13378,4
C13379,2
C13380,4
C13381,1
C13382,1
C13383,2
C13384,2
C13385,3
C13386,1
C13387,2
C13388,2
C13389,2
C13390,3
C13391,2
C13392,3
C13393,2
C13394,3
C13395,4
C13396,3
C13397,2
C13398,4
C13399,2
C13400,2
C13401,2
C13402,3
C13403,2
C13404,4
C13405,2
C13406,4
C13407,4
C13408,1
C13409,4
C13410,4
C13411,2
C13412,2
C13413,2
C13414,1
C13416,3
C13417,2
C13418,2
C13419,1
C13420,1
C13421,2
C13422,1
C13423,2
C13424,2
C13425,4
C13426,3
C13427,4
C13428,2
C13429,2
C13430,1
C13431,1
C13432,2
C13433,2
C13434,3
C13435,3
C13436,3
C13437,2
C13439,3
C13440,2
C13441,2
C13442,3
C13443,1
C13444,1
C13445,2
C13446,1
C13447,3
C13448,1
C13449,4
C13450,1
C13451,2
C13452,1
C13453,2
C13454,1
C13455,3
C13456,3
C13457,3
C13458,4
C13459,2
C13460,3
C13461,2
C13462,3
C13463,2
C13464,1
C13465,1
C13466,4
C13467,4
C13468,2
C13469,3
C13470,4
C13471,2
C13472,2
C13473,4
C13474,4
C13475,1
C13476,2
C13478,2
C13479,1
C13480,2
C13481,4
C13482,2
C13483,3
C13484,1
C13485,1
C13486,2
C13487,3
C13488,1
C13489,1
C13490,3
C13491,4
C13492,2
C13493,4
C13494,3
C13495,1
C13496,4
C13497,3
C13498,2
C13499,4
C13500,4
C13501,1
C13502,2
C13503,2
C13504,4
C13505,1
C13506,3
C13507,1
C13508,1
C13509,3
C13510,3
C13511,3
C13512,2
C13513,3
C13514,2
C13515,2
C13516,4
C13517,3
C13518,4
C13519,3
C13520,1
C13521,2
C13522,2
C13523,2
C13524,1
C13525,4
C13526,4
C13527,2
C13528,2
C13529,2
C13530,4
C13531,1
C13532,1
C13533,4
C13534,4
C13535,4
C13536,4
C13537,3
C13538,1
C13539,1
C13540,2
C13541,2
C13542,2
C13543,1
C13544,4
C13545,3
C13546,4
C13547,2
C13548,1
C13549,1
C13550,2
C13551,1
C13552,2
C13553,4
C13554,2
C13555,3
C13556,4
C13557,1
C13558,3
C13559,4
C13560,4
C13561,2
C13562,4
C13563,4
C13564,4
C13565,2
C13566,2
C13567,3
C13568,2
C13569,2
C13570,2
C13571,2
C13572,1
C13573,1
C13574,2
C13575,2
C13576,1
C13577,2
C13578,3
C13579,2
C13580,3
C13581,3
C13582,1
C13583,2
C13584,2
C13585,4
C13586,4
C13587,3
C13588,1
C13589,1
C13591,4
C13592,2
C13593,1
C13594,3
C13596,3
C13597,1
C13598,1
C13599,3
C13600,3
C13601,3
C13602,1
C13603,2
C13604,1
C13605,2
C13606,3
C13607,2
C13608,4
C13610,1
C13611,4
C13612,1
C13613,1
C13614,3
C13615,2
C13616,3
C13617,2
C13618,4
C13619,3
C13620,1
C13621,1
C13622,1
C13623,2
C13624,2
C13625,4
C13626,4
C13627,1
C13628,3
C13629,3
C13630,1
C13631,1
C13632,3
C13633,3
C13634,2
C13635,3
C13636,1
C13637,1
C13638,4
C13639,3
C13640,4
C13641,2
C13642,2
C13643,4
C13644,1
C13645,3
C13646,2
C13647,3
C13648,3
C13649,2
C13650,2
C13651,2
C13652,3
C13653,1
C13654,4
C13655,3
C13656,3
C13657,2
C13658,2
C13659,2
C13660,3
C13661,4
C13662,3
C13663,2
C13664,2
C13665,3
C13666,2
C13668,2
C13669,4
C13670,1
C13671,3
C13672,3
C13673,3
C13674,2
C13675,3
C13676,2
C13677,1
C13678,4
C13679,1
C13680,2
C13681,2
C13682,1
C13683,1
C13684,2
C13685,1
C13686,1
C13687,2
C13688,4
C13689,3
C13690,4
C13691,2
C13692,3
C13693,3
C13694,3
C13695,2
C13696,4
C13697,2
C13698,1
C13699,2
C13701,2
C13702,2
C13703,1
C13704,2
C13705,2
C13706,3
C13707,2
C13708,2
C13709,1
C13710,4
C13711,1
C13712,3
C13713,4
C13714,2
C13715,4
C13717,3
C13718,2
C13719,2
C13720,2
C13721,2
C13722,2
C13723,4
C13724,2
C13725,3
C13726,3
C13727,3
C13728,2
C13729,4
C13730,4
C13731,2
C13732,3
C13733,4
C13734,1
C13735,4
C13736,1
C13737,3
C13738,2
C13739,4
C13740,1
C13741,1
C13742,2
C13743,2
C13744,3
C13745,2
C13746,1
C13747,3
C13748,3
C13749,4
C13750,3
C13751,2
C13752,3
C13753,1
C13754,2
C13755,1
C13756,3
C13757,2
C13758,2
C13759,3
C13760,2
C13761,2
C13762,1
C13763,4
C13764,4
C13765,2
C13767,1
C13768,4
C13769,2
C13770,3
C13771,2
C13772,4
C13773,1
C13774,4
C13775,1
C13776,2
C13777,4
C13778,4
C13779,2
C13780,1
C13781,3
C13782,2
C13783,2
C13784,1
C13785,3
C13786,1
C13787,2
C13788,2
C13789,2
C13790,2
C13791,1
C13792,1
C13793,1
C13794,4
C13795,1
C13796,1
C13797,4
C13798,2
C13799,1
C13800,3
C13801,4
C13802,1
C13803,2
C13804,3
C13805,2
C13806,1
C13807,2
C13809,2
C13810,1
C13811,2
C13812,1
C13813,1
C13814,4
C13815,4
C13816,1
C13817,3
C13819,4
C13820,4
C13821,2
C13822,3
C13823,4
C13824,1
C13825,1
C13826,3
C13827,3
C13828,3
C13829,2
C13830,2
C13831,1
C13832,4
C13833,2
C13834,2
C13835,1
C13836,4
C13837,2
C13838,2
C13839,1
C13840,1
C13841,3
C13842,3
C13843,3
C13844,4
C13845,2
C13846,4
C13847,2
C13848,4
C13849,4
C13850,1
C13851,2
C13852,2
C13853,2
C13855,4
C13856,3
C13857,4
C13858,3
C13859,2
C13860,1
C13861,4
C13862,4
C13863,2
C13864,1
C13865,1
C13866,2
C13867,3
C13868,4
C13869,3
C13870,1
C13871,4
C13872,4
C13873,3
C13874,3
C13875,1
C13876,2
C13877,1
C13878,3
C13879,2
C13881,2
C13882,1
C13883,3
C13884,3
C13885,4
C13886,1
C13887,2
C13888,2
C13889,3
C13890,1
C13891,1
C13892,2
C13893,1
C13894,4
C13895,2
C13896,1
C13897,2
C13898,3
C13899,1
C13900,2
C13901,2
C13902,1
C13903,1
C13904,1
C13905,2
C13906,4
C13907,2
C13908,1
C13909,4
C13910,3
C13911,1
C13912,3
C13913,2
C13914,1
C13915,1
C13916,4
C13917,2
C13918,2
C13919,3
C13920,2
C13921,4
C13922,3
C13923,4
C13924,4
C13925,3
C13926,3
C13927,2
C13928,2
C13929,3
C13930,3
C13931,1
C13932,2
C13933,3
C13934,2
C13935,2
C13936,4
C13937,2
C13938,1
C13939,3
C13940,2
C13941,4
C13942,2
C13943,4
C13944,1
C13945,3
C13946,4
C13947,2
C13948,3
C13949,2
C13950,2
C13951,4
C13952,2
C13953,2
C13954,4
C13955,4
C13956,3
C13957,4
C13958,2
C13959,1
C13960,2
C13961,4
C13962,4
C13964,1
C13965,4
C13966,1
C13967,3
C13968,1
C13969,3
C13970,2
C13971,1
C13972,2
C13973,4
C13974,2
C13975,4
C13977,2
C13978,1
C13979,2
C13980,4
C13981,3
C13982,2
C13983,2
C13984,3
C13985,1
C13986,3
C13987,2
C13988,1
C13989,2
C13990,2
C13991,4
C13992,3
C13993,1
C13994,4
C13995,1
C13996,1
C13997,1
C13998,4
C13999,3
C14000,4
C14001,2
C14002,1
C14003,2
C14004,2
C14005,3
C14006,2
C14007,4
C14008,2
C14009,4
C14010,2
C14011,4
C14012,2
C14013,3
C14014,3
C14015,1
C14016,3
C14017,2
C14018,3
C14019,2
C14020,1
C14021,2
C14022,2
C14023,2
C14024,4
C14026,4
C14027,4
C14028,4
C14029,2
C14030,4
C14031,2
C14032,3
C14033,3
C14034,2
C14035,2
C14036,3
C14037,1
C14038,4
C14039,2
C14040,1
C14041,3
C14042,2
C14043,1
C14044,4
C14045,2
C14046,1
C14047,2
C14048,1
C14049,4
C14050,1
C14051,2
C14052,2
C14053,2
C14054,4
C14055,1
C14056,3
C14057,4
C14058,4
C14059,1
C14060,2
C14061,2
C14062,2
C14063,2
C14064,2
C14065,1
C14066,1
C14067,1
C14068,4
C14069,2
C14070,2
C14071,4
C14072,3
C14073,2
C14074,2
C14075,2
C14076,4
C14077,2
C14078,2
C14079,2
C14080,1
C14081,2
C14082,1
C14083,2
C14084,2
C14085,2
C14086,3
C14087,4
C14088,4
C14089,2
C14090,2
C14091,4
C14092,4
C14094,2
C14095,2
C14096,3
C14097,2
C14098,2
C14099,4
C14100,1
C14101,3
C14102,2
C14103,1
C14104,2
C14105,2
C14106,2
C14107,2
C14108,3
C14109,1
C14111,4
C14112,3
C14113,3
C14114,3
C14115,1
C14116,2
C14117,4
C14119,3
C14120,1
C14121,1
C14122,3
C14123,2
C14124,1
C14125,4
C14126,1
C14127,1
C14128,4
C14129,2
C14130,3
C14131,3
C14132,3
C14133,1
C14134,2
C14135,2
C14136,3
C14137,4
C14138,2
C14139,1
C14140,2
C14141,4
C14142,3
C14143,2
C14144,1
C14145,4
C14146,4
C14147,1
C14148,2
C14149,4
C14150,1
C14151,4
C14152,3
C14153,4
C14154,3
C14155,3
C14156,2
C14157,3
C14158,2
C14159,2
C14161,3
C14162,2
C14163,2
C14164,2
C14165,4
C14166,4
C14167,2
C14168,1
C14169,2
C14170,2
C14171,3
C14172,2
C14173,2
C14174,2
C14175,2
C14177,2
C14178,3
C14179,2
C14180,2
C14181,3
C14182,2
C14183,2
C14184,2
C14185,3
C14186,2
C14187,2
C14188,1
C14189,4
C14190,3
C14191,4
C14192,1
C14193,2
C14194,2
C14195,3
C14196,2
C14197,1
C14198,2
C14199,2
C14200,3
C14201,1
C14202,1
C14203,4
C14204,1
C14205,3
C14206,2
C14207,3
C14208,1
C14209,3
C14210,2
C14211,3
C14212,1
C14213,3
C14214,2
C14215,4
C14216,3
C14217,2
C14218,1
C14219,3
C14220,2
C14221,1
C14222,2
C14223,4
C14224,2
C14225,1
C14226,2
C14227,4
C14228,1
C14229,3
C14230,2
C14231,2
C14232,2
C14233,2
C14234,2
C14235,1
C14236,2
C14237,2
C14238,1
C14239,3
C14240,1
C14241,3
C14242,1
C14243,4
C14244,2
C14245,3
C14246,2
C14247,3
C14248,3
C14249,1
C14250,2
C14251,1
C14252,4
C14253,3
C14254,1
C14255,3
C14256,1
C14257,4
C14258,1
C14259,3
C14260,3
C14261,2
C14262,1
C14263,4
C14264,3
C14265,2
C14266,1
C14267,2
C14268,4
C14269,4
C14270,2
C14271,1
C14272,4
C14273,2
C14274,4
C14275,2
C14276,4
C14277,4
C14278,2
C14279,3
C14280,4
C14281,3
C14282,2
C14283,1
C14284,2
C14285,2
C14286,2
C14287,2
C14288,2
C14289,2
C14290,2
C14291,3
C14292,4
C14293,2
C14294,3
C14295,1
C14297,2
C14298,1
C14299,4
C14300,2
C14301,1
C14302,4
C14303,4
C14304,4
C14305,4
C14306,2
C14307,4
C14308,2
C14309,2
C14310,2
C14311,3
C14312,3
C14313,1
C14314,2
C14315,2
C14316,2
C14317,2
C14318,2
C14319,4
C14320,2
C14322,1
C14323,2
C14324,1
C14325,2
C14326,4
C14327,2
C14328,3
C14329,4
C14330,1
C14331,1
C14332,3
C14333,3
C14334,1
C14335,2
C14336,2
C14337,3
C14338,1
C14339,4
C14340,2
C14341,3
C14342,4
C14343,2
C14344,2
C14345,2
C14346,3
C14347,4
C14348,3
C14349,2
C14350,1
C14351,2
C14352,2
C14353,1
C14354,3
C14355,2
C14356,2
C14357,3
C14358,1
C14359,3
C14360,2
C14361,2
C14362,4
C14363,1
C14364,2
C14365,4
C14366,4
C14367,3
C14368,4
C14369,2
C14370,3
C14371,2
C14372,2
C14373,2
C14374,3
C14375,1
C14376,4
C14377,4
C14378,1
C14379,2
C14380,2
C14381,3
C14382,1
C14383,2
C14384,1
C14385,4
C14386,2
C14387,4
C14388,2
C14389,4
C14390,1
C14391,3
C14392,3
C14393,2
C14394,1
C14395,4
C14396,2
C14397,2
C14398,4
C14399,2
C14400,1
C14401,4
C14402,1
C14403,1
C14404,2
C14405,1
C14406,4
C14407,4
C14408,2
C14409,1
C14410,2
C14411,2
C14412,2
C14413,3
C14414,1
C14415,1
C14416,2
C14417,1
C14418,4
C14419,3
C14421,2
C14422,2
C14423,4
C14424,2
C14425,2
C14426,2
C14427,2
C14428,2
C14429,2
C14430,2
C14431,3
C14432,1
C14433,3
C14434,2
C14435,3
C14436,3
C14437,3
C14439,2
C14440,2
C14441,2
C14442,3
C14443,4
C14444,4
C14445,2
C14447,1
C14448,2
C14449,2
C14450,4
C14451,3
C14452,2
C14453,2
C14455,1
C14456,4
C14457,2
C14458,2
C14459,2
C14460,2
C14461,1
C14462,3
C14463,4
C14464,2
C14465,4
C14466,4
C14467,2
C14468,2
C14469,2
C14470,1
C14471,1
C14472,3
C14473,3
C14474,2
C14475,4
C14476,4
C14477,4
C14478,1
C14479,3
C14480,4
C14481,3
C14482,1
C14483,2
C14484,2
C14485,3
C14486,1
C14487,2
C14488,4
C14489,4
C14490,3
C14492,4
C14493,4
C14494,1
C14495,2
C14496,4
C14497,2
C14498,1
C14499,1
C14500,2
C14501,1
C14502,1
C14503,3
C14504,4
C14505,1
C14506,4
C14507,2
C14508,2
C14509,4
C14510,1
C14511,2
C14512,1
C14513,2
C14514,2
C14515,4
C14516,1
C14517,3
C14518,4
C14519,3
C14520,1
C14521,2
C14522,2
C14523,2
C14524,2
C14525,2
C14526,1
C14527,2
C14528,2
C14529,2
C14530,4
C14531,2
C14532,1
C14533,2
C14534,3
C14535,2
C14536,3
C14537,2
C14538,1
C14539,2
C14540,2
C14541,2
C14542,3
C14543,2
C14544,2
C14545,1
C14546,2
C14547,4
C14548,3
C14549,3
C14550,1
C14551,1
C14553,2
C14554,4
C14555,2
C14556,4
C14557,2
C14558,4
C14559,2
C14560,1
C14561,1
C14562,4
C14563,3
C14564,1
C14565,4
C14566,3
C14567,2
C14568,3
C14569,2
C14570,1
C14571,2
C14572,4
C14573,2
C14574,2
C14575,4
C14576,2
C14577,2
C14578,3
C14579,3
C14580,1
C14581,1
C14582,2
C14583,2
C14584,2
C14585,3
C14586,4
C14587,4
C14588,1
C14589,1
C14590,1
C14591,4
C14592,2
C14593,4
C14594,4
C14595,4
C14596,4
C14597,4
C14598,3
C14599,4
C14600,1
C14601,3
C14602,2
C14603,3
C14604,1
C14606,3
C14607,4
C14608,2
C14609,2
C14610,3
C14611,4
C14612,4
C14613,1
C14614,3
C14615,3
C14616,2
C14617,2
C14618,3
C14619,2
C14620,4
C14621,2
C14622,4
C14623,2
C14624,2
C14625,2
C14626,1
C14627,2
C14628,4
C14629,2
C14630,1
C14631,3
C14632,2
C14633,1
C14634,3
C14635,4
C14636,2
C14637,4
C14638,2
C14639,3
C14640,1
C14641,2
C14642,1
C14643,1
C14644,1
C14645,2
C14646,2
C14647,4
C14648,2
C14649,3
C14650,4
C14651,2
C14652,2
C14653,2
C14654,2
C14655,2
C14656,1
C14657,1
C14658,2
C14659,2
C14660,1
C14661,4
C14662,4
C14663,2
C14664,2
C14665,1
C14666,2
C14667,1
C14668,2
C14669,2
C14670,2
C14672,4
C14673,4
C14674,2
C14675,2
C14676,1
C14677,4
C14678,1
C14679,1
C14680,2
C14681,4
C14682,3
C14683,1
C14684,3
C14685,3
C14686,2
C14687,4
C14688,3
C14689,2
C14690,2
C14691,3
C14692,3
C14693,2
C14694,3
C14695,3
C14696,3
C14697,3
C14698,4
C14699,1
C14700,3
C14701,1
C14702,1
C14703,1
C14704,2
C14705,3
C14706,2
C14707,1
C14708,3
C14709,2
C14710,1
C14711,3
C14712,1
C14713,2
C14714,4
C14715,2
C14716,2
C14717,2
C14718,2
C14719,4
C14720,2
C14721,3
C14722,4
C14723,3
C14724,1
C14725,2
C14726,2
C14727,4
C14728,3
C14729,2
C14730,3
C14731,2
C14732,4
C14733,2
C14734,2
C14735,3
C14736,1
C14737,2
C14738,2
C14739,4
C14740,1
C14741,2
C14742,4
C14743,3
C14744,1
C14745,3
C14746,2
C14747,4
C14748,2
C14749,2
C14750,2
C14751,4
C14752,3
C14753,2
C14754,2
C14755,2
C14756,1
C14757,2
C14758,3
C14759,4
C14760,2
C14761,2
C14762,1
C14763,2
C14764,1
C14765,1
C14766,3
C14767,4
C14768,3
C14769,1
C14770,2
C14771,1
C14772,3
C14773,2
C14774,4
C14775,2
C14776,2
C14777,4
C14778,4
C14779,2
C14780,2
C14781,4
C14783,3
C14784,1
C14785,3
C14786,4
C14787,3
C14788,1
C14789,4
C14790,2
C14791,3
C14792,2
C14793,1
C14794,2
C14795,1
C14796,2
C14797,4
C14798,2
C14799,1
C14800,4
C14802,4
C14803,2
C14804,3
C14805,1
C14806,2
C14807,2
C14808,4
C14809,2
C14810,2
C14811,4
C14812,3
C14813,2
C14814,3
C14815,2
C14816,3
C14817,2
C14818,2
C14819,2
C14820,2
C14821,2
C14822,2
C14823,2
C14824,1
C14825,2
C14826,2
C14827,4
C14828,3
C14829,2
C14830,2
C14831,4
C14832,3
C14833,2
C14834,1
C14835,1
C14836,3
C14837,1
C14838,3
C14839,4
C14841,1
C14842,2
C14843,3
C14844,3
C14845,2
C14846,3
C14847,4
C14848,2
C14849,3
C14850,3
C14851,3
C14852,2
C14853,3
C14854,4
C14855,4
C14856,4
C14857,2
C14858,1
C14859,3
C14860,2
C14861,4
C14862,2
C14863,2
C14864,2
C14865,4
C14866,3
C14867,2
C14868,3
C14870,3
C14871,4
C14872,2
C14873,3
C14874,1
C14876,3
C14877,2
C14878,3
C14879,2
C14880,1
C14881,2
C14882,4
C14884,2
C14885,3
C14886,3
C14887,2
C14888,1
C14889,2
C14890,1
C14892,1
C14894,1
C14895,2
C14896,4
C14897,1
C14898,2
C14899,2
C14900,2
C14901,2
C14902,1
C14903,2
C14904,2
C14905,2
C14906,3
C14907,1
C14908,4
C14909,2
C14910,2
C14911,2
C14912,2
C14913,2
C14914,2
C14915,4
C14916,2
C14917,2
C14918,1
C14919,2
C14920,2
C14921,4
C14922,2
C14923,2
C14924,1
C14925,2
C14926,1
C14927,3
C14928,2
C14929,4
C14930,3
C14931,1
C14932,2
C14933,2
C14934,3
C14935,2
C14936,4
C14937,3
C14938,2
C14939,2
C14940,2
C14941,3
C14942,2
C14943,2
C14944,2
C14945,2
C14946,3
C14947,4
C14948,2
C14949,4
C14950,2
C14951,4
C14952,2
C14953,2
C14954,1
C14955,2
C14956,4
C14957,1
C14958,4
C14959,2
C14960,1
C14961,3
C14962,1
C14963,4
C14964,1
C14965,2
C14966,4
C14967,2
C14968,4
C14969,2
C14970,3
C14971,2
C14972,2
C14973,4
C14974,2
C14975,1
C14976,4
C14977,2
C14978,4
C14979,1
C14980,3
C14981,2
C14982,4
C14983,4
C14984,2
C14985,3
C14986,3
C14987,4
C14988,2
C14989,2
C14990,1
C14991,4
C14992,2
C14993,4
C14994,1
C14995,4
C14996,1
C14997,2
C14998,2
C15000,1
C15001,2
C15002,1
C15003,1
C15004,4
C15005,3
C15006,4
C15007,2
C15008,3
C15009,2
C15010,2
C15011,1
C15012,3
C15013,2
C15014,1
C15015,2
C15016,1
C15017,1
C15018,2
C15019,2
C15020,4
C15021,2
C15022,4
C15023,4
C15025,4
C15026,2
C15027,1
C15028,2
C15029,4
C15030,2
C15031,3
C15032,4
C15033,4
C15034,3
C15035,2
C15036,1
C15037,1
C15038,2
C15039,2
C15040,1
C15041,1
C15042,1
C15043,3
C15044,3
C15045,2
C15046,2
C15047,1
C15048,2
C15049,4
C15050,2
C15051,2
C15052,2
C15054,4
C15055,2
C15056,1
C15057,1
C15058,1
C15059,2
C15060,2
C15061,4
C15062,4
C15063,2
C15064,1
C15065,2
C15067,4
C15068,2
C15069,2
C15070,2
C15071,2
C15073,3
C15074,2
C15075,2
C15076,4
C15077,2
C15078,4
C15079,4
C15080,2
C15081,2
C15082,3
C15083,2
C15084,3
C15085,2
C15086,2
C15087,3
C15088,2
C15089,1
C15090,4
C15091,3
C15092,3
C15093,2
C15094,2
C15095,2
C15096,2
C15097,4
C15098,1
C15099,1
C15100,2
C15101,3
C15102,2
C15103,4
C15104,1
C15105,3
C15106,2
C15107,2
C15108,2
C15109,4
C15110,2
C15111,3
C15112,2
C15113,2
C15114,4
C15115,2
C15116,3
C15117,2
C15118,1
C15121,4
C15122,1
C15123,4
C15124,4
C15125,1
C15126,2
C15127,2
C15128,2
C15129,2
C15130,3
C15131,4
C15132,3
C15133,1
C15134,4
C15135,2
C15136,3
C15137,1
C15138,4
C15139,1
C15140,2
C15141,4
C15142,1
C15143,2
C15144,2
C15145,3
C15146,1
C15147,2
C15148,2
C15149,4
C15150,4
C15151,1
C15152,3
C15153,2
C15154,1
C15155,1
C15156,2
C15157,1
C15158,2
C15159,1
C15160,2
C15161,4
C15162,4
C15163,1
C15164,1
C15165,2
C15166,2
C15167,4
C15168,1
C15169,1
C15170,2
C15171,2
C15172,3
C15173,3
C15174,3
C15175,4
C15177,3
C15178,2
C15179,4
C15180,3
C15181,1
C15182,2
C15183,2
C15184,3
C15185,2
C15186,1
C15187,3
C15188,1
C15189,2
C15190,1
C15191,4
C15192,2
C15193,1
C15194,2
C15195,3
C15196,1
C15197,4
C15198,4
C15199,2
C15200,4
C15201,3
C15202,4
C15203,3
C15204,2
C15206,4
C15207,4
C15208,1
C15209,2
C15210,2
C15211,3
C15212,3
C15213,4
C15214,2
C15215,2
C15216,2
C15217,4
C15218,1
C15219,4
C15220,2
C15221,1
C15222,3
C15223,4
C15224,4
C15225,2
C15226,3
C15227,2
C15228,2
C15229,1
C15230,1
C15232,1
C15233,1
C15234,4
C15235,1
C15236,2
C15237,4
C15239,1
C15240,4
C15241,2
C15242,2
C15243,4
C15244,2
C15245,2
C15246,3
C15247,2
C15248,2
C15249,2
C15250,2
C15251,3
C15252,2
C15253,2
C15254,2
C15255,4
C15256,1
C15257,2
C15258,2
C15259,2
C15260,2
C15261,3
C15262,2
C15263,4
C15264,2
C15265,1
C15266,3
C15267,2
C15268,3
C15269,2
C15270,2
C15271,2
C15272,4
C15273,1
C15274,1
C15275,2
C15276,4
C15277,3
C15278,4
C15279,3
C15280,1
C15281,1
C15282,1
C15283,2
C15284,3
C15285,3
C15286,3
C15287,4
C15288,4
C15289,3
C15290,2
C15291,2
C15292,2
C15293,4
C15294,4
C15295,2
C15296,2
C15297,2
C15298,1
C15299,3
C15300,2
C15301,1
C15302,4
C15303,2
C15304,4
C15305,4
C15306,2
C15307,2
C15308,3
C15309,4
C15310,4
C15311,3
C15312,4
C15313,1
C15314,2
C15315,2
C15316,3
C15317,2
C15318,2
C15319,4
C15320,1
C15321,1
C15322,3
C15323,3
C15324,4
C15325,2
C15326,3
C15327,4
C15328,4
C15329,3
C15330,4
C15331,2
C15332,2
C15333,2
C15334,1
C15335,4
C15336,3
C15337,2
C15338,3
C15339,1
C15341,2
C15342,4
C15343,1
C15344,3
C15345,4
C15346,4
C15347,3
C15348,4
C15350,3
C15351,2
C15352,4
C15353,4
C15354,1
C15355,2
C15356,2
C15357,3
C15358,1
C15359,2
C15360,3
C15361,2
C15362,2
C15364,1
C15365,1
C15366,2
C15367,3
C15368,1
C15369,4
C15370,4
C15371,2
C15372,3
C15373,1
C15374,2
C15375,2
C15376,1
C15377,2
C15378,4
C15379,2
C15380,1
C15381,2
C15382,2
C15383,4
C15384,2
C15385,1
C15386,4
C15387,1
C15388,2
C15389,4
C15390,3
C15391,4
C15392,2
C15393,4
C15394,2
C15395,2
C15396,4
C15397,4
C15398,4
C15399,2
C15400,2
C15401,2
C15402,1
C15403,4
C15404,2
C15405,4
C15406,2
C15407,1
C15408,2
C15409,4
C15410,4
C15411,1
C15412,2
C15413,2
C15414,1
C15415,4
C15417,2
C15418,3
C15419,3
C15420,4
C15421,1
C15422,3
C15423,4
C15424,1
C15425,2
C15426,4
C15427,2
C15428,1
C15429,3
C15430,3
C15431,2
C15432,2
C15433,2
C15435,4
C15436,3
C15437,4
C15438,4
C15439,4
C15440,4
C15441,2
C15442,2
C15443,1
C15444,3
C15445,3
C15446,2
C15448,1
C15449,4
C15450,2
C15451,2
C15452,4
C15453,4
C15454,4
C15455,2
C15456,4
C15457,2
C15459,4
C15460,4
C15461,1
C15462,3
C15463,3
C15464,2
C15465,2
C15466,2
C15467,2
C15469,2
C15470,4
C15471,3
C15472,2
C15473,2
C15474,4
C15475,2
C15476,2
C15477,4
C15478,2
C15479,4
C15480,3
C15481,4
C15482,3
C15483,1
C15484,2
C15485,2
C15486,1
C15487,2
C15488,2
C15489,4
C15490,1
C15491,2
C15492,1
C15493,3
C15494,2
C15495,4
C15496,1
C15497,3
C15498,2
C15499,1
C15500,1
C15501,3
C15502,4
C15503,1
C15504,3
C15505,2
C15506,1
C15507,4
C15508,3
C15509,2
C15510,3
C15511,4
C15512,3
C15513,4
C15514,2
C15515,3
C15516,4
C15517,4
C15519,3
C15520,4
C15521,2
C15522,2
C15523,3
C15524,3
C15525,2
C15526,2
C15527,3
C15528,2
C15529,2
C15530,1
C15531,2
C15532,2
C15533,3
C15534,3
C15535,3
C15536,2
C15537,2
C15538,3
C15539,2
C15540,3
C15541,4
C15542,3
C15543,2
C15544,2
C15545,4
C15546,4
C15547,2
C15548,1
C15549,2
C15550,1
C15551,2
C15552,2
C15553,1
C15554,1
C15555,2
C15556,3
C15557,1
C15558,2
C15559,2
C15560,4
C15561,3
C15562,1
C15563,3
C15564,2
C15565,2
C15566,2
C15567,2
C15568,2
C15569,4
C15570,2
C15571,1
C15572,4
C15573,4
C15574,1
C15575,3
C15576,3
C15577,4
C15578,4
C15579,4
C15580,1
C15581,4
C15582,2
C15583,4
C15584,4
C15585,4
C15586,3
C15587,3
C15588,2
C15589,2
C15590,2
C15591,4
C15592,3
C15593,3
C15594,2
C15595,4
C15596,2
C15597,1
C15598,3
C15599,3
C15600,1
C15601,2
C15602,2
C15603,1
C15604,2
C15605,3
C15606,1
C15607,1
C15608,4
C15609,1
C15610,2
C15611,2
C15612,4
C15613,1
C15614,3
C15615,4
C15616,3
C15617,2
C15618,4
C15619,3
C15620,2
C15621,3
C15622,2
C15623,2
C15624,4
C15625,1
C15626,2
C15627,1
C15628,1
C15629,1
C15630,2
C15631,4
C15632,4
C15633,2
C15634,3
C15636,2
C15637,3
C15638,2
C15639,2
C15640,3
C15641,2
C15642,3
C15643,3
C15644,4
C15645,2
C15646,1
C15647,3
C15648,2
C15649,1
C15650,4
C15651,3
C15652,2
C15653,3
C15654,1
C15655,4
C15656,2
C15657,2
C15658,3
C15659,2
C15660,4
C15661,3
C15662,2
C15663,4
C15664,3
C15666,3
C15667,1
C15668,4
C15669,1
C15670,1
C15671,1
C15672,2
C15673,2
C15674,2
C15675,3
C15676,1
C15677,3
C15678,1
C15680,1
C15681,1
C15682,2
C15683,4
C15684,2
C15685,2
C15686,2
C15687,1
C15688,2
C15689,4
C15690,2
C15691,4
C15692,2
C15693,2
C15694,3
C15695,1
C15696,2
C15697,2
C15698,4
C15699,3
C15700,1
C15701,1
C15702,2
C15703,1
C15704,1
C15705,1
C15706,2
C15707,4
C15708,2
C15709,3
C15710,4
C15711,4
C15712,4
C15713,3
C15714,4
C15715,4
C15716,4
C15717,2
C15718,2
C15719,1
C15720,2
C15721,2
C15722,3
C15723,1
C15724,3
C15725,3
C15726,4
C15727,4
C15728,3
C15729,1
C15730,2
C15731,1
C15732,2
C15733,4
C15734,4
C15735,4
C15736,3
C15737,3
C15738,4
C15739,4
C15740,4
C15741,3
C15742,1
C15743,3
C15744,2
C15745,1
C15746,2
C15747,2
C15748,2
C15749,2
C15750,2
C15751,2
C15752,3
C15753,1
C15754,3
C15755,1
C15756,2
C15757,2
C15758,3
C15759,4
C15760,2
C15761,2
C15762,1
C15763,3
C15764,1
C15765,2
C15766,3
C15767,2
C15768,2
C15769,2
C15770,1
C15771,4
C15773,2
C15774,2
C15775,2
C15776,2
C15777,4
C15778,2
C15779,3
C15780,2
C15781,4
C15782,2
C15783,4
C15784,4
C15785,2
C15786,4
C15787,2
C15789,2
C15790,3
C15791,2
C15792,4
C15793,4
C15794,3
C15795,2
C15796,3
C15797,3
C15798,2
C15799,2
C15800,2
C15801,2
C15802,2
C15803,1
C15804,3
C15805,2
C15806,2
C15807,1
C15808,2
C15809,1
C15810,4
C15811,3
C15812,2
C15813,2
C15814,4
C15815,4
C15816,2
C15817,2
C15818,1
C15819,3
C15820,3
C15821,2
C15822,4
C15823,3
C15824,4
C15825,3
C15826,4
C15827,2
C15828,1
C15829,2
C15830,4
C15831,1
C15832,1
C15833,2
C15834,2
C15835,2
C15836,4
C15837,4
C15838,3
C15839,2
C15840,2
C15841,4
C15842,2
C15843,4
C15844,4
C15845,1
C15846,2
C15847,4
C15848,2
C15849,2
C15850,2
C15851,2
C15852,1
C15853,1
C15854,3
C15856,4
C15857,4
C15858,4
C15859,3
C15860,2
C15861,3
C15862,2
C15863,3
C15864,3
C15865,2
C15866,4
C15867,4
C15868,2
C15869,2
C15870,3
C15871,2
C15872,1
C15873,2
C15874,2
C15875,1
C15876,3
C15877,4
C15878,1
C15879,3
C15880,3
C15881,2
C15882,2
C15883,4
C15885,2
C15886,3
C15887,2
C15888,4
C15889,4
C15890,2
C15891,2
C15892,1
C15893,3
C15894,4
C15895,2
C15896,3
C15897,3
C15898,4
C15899,2
C15900,3
C15901,3
C15902,1
C15903,2
C15904,4
C15905,2
C15906,2
C15907,4
C15908,2
C15909,2
C15910,4
C15912,1
C15913,2
C15914,2
C15915,3
C15916,4
C15917,2
C15918,4
C15919,2
C15920,2
C15921,2
C15922,2
C15923,1
C15924,4
C15925,3
C15926,2
C15927,2
C15928,2
C15929,2
C15930,2
C15931,4
C15932,1
C15933,3
C15934,2
C15935,3
C15936,2
C15937,4
C15938,2
C15939,4
C15940,3
C15941,3
C15943,4
C15944,2
C15945,4
C15946,2
C15947,2
C15948,4
C15949,4
C15950,1
C15951,3
C15952,2
C15953,2
C15954,2
C15955,2
C15956,1
C15957,4
C15958,3
C15959,3
C15960,4
C15961,2
C15962,3
C15963,3
C15965,3
C15966,2
C15967,1
C15968,1
C15969,4
C15970,1
C15971,2
C15972,4
C15973,2
C15974,2
C15975,1
C15976,2
C15977,3
C15978,1
C15979,4
C15980,3
C15981,2
C15982,4
C15983,2
C15984,1
C15985,3
C15986,3
C15987,4
C15988,2
C15989,1
C15990,2
C15991,2
C15992,1
C15993,3
C15994,1
C15995,1
C15996,2
C15997,4
C15998,3
C15999,1
C16000,2
C16001,3
C16002,1
C16003,3
C16004,4
C16005,3
C16007,2
C16008,4
C16009,2
C16010,2
C16011,1
C16012,2
C16013,4
C16014,3
C16015,3
C16016,1
C16017,2
C16018,4
C16019,4
C16020,1
C16021,4
C16022,2
C16023,2
C16024,1
C16025,1
C16026,4
C16028,2
C16029,2
C16030,3
C16031,1
C16032,2
C16033,2
C16034,4
C16035,2
C16036,3
C16037,4
C16038,1
C16039,2
C16040,4
C16041,2
C16042,2
C16043,2
C16045,4
C16046,3
C16047,1
C16048,2
C16049,1
C16050,2
C16051,2
C16052,4
C16053,3
C16054,3
C16055,2
C16056,1
C16057,2
C16058,4
C16059,3
C16060,4
C16061,2
C16062,2
C16063,4
C16064,2
C16065,2
C16066,2
C16067,4
C16068,2
C16069,3
C16070,1
C16071,4
C16072,2
C16073,4
C16074,2
C16075,3
C16076,2
C16077,2
C16078,2
C16079,3
C16080,3
C16081,2
C16082,2
C16083,2
C16084,2
C16085,3
C16086,2
C16087,2
C16088,4
C16089,2
C16090,3
C16091,4
C16092,3
C16093,4
C16094,2
C16095,1
C16096,4
C16097,2
C16098,2
C16099,3
C16100,3
C16101,1
C16102,1
C16103,1
C16104,2
C16105,2
C16106,4
C16107,4
C16108,3
C16109,3
C16110,3
C16111,1
C16112,2
C16113,2
C16114,4
C16115,4
C16116,2
C16117,4
C16118,3
C16119,2
C16120,2
C16121,4
C16122,2
C16123,1
C16124,2
C16125,4
C16126,1
C16127,4
C16128,4
C16129,2
C16130,1
C16131,1
C16132,2
C16133,4
C16134,3
C16135,2
C16136,3
C16137,2
C16138,1
C16139,2
C16140,2
C16141,2
C16142,4
C16143,3
C16144,4
C16145,2
C16146,2
C16147,1
C16148,3
C16149,2
C16150,4
C16151,2
C16153,4
C16154,2
C16155,3
C16157,3
C16158,3
C16159,2
C16160,2
C16161,3
C16162,3
C16163,2
C16164,3
C16165,1
C16166,2
C16167,3
C16168,1
C16169,2
C16171,4
C16172,2
C16173,3
C16174,2
C16175,2
C16176,4
C16177,3
C16178,1
C16179,2
C16180,2
C16181,4
C16182,2
C16184,2
C16185,3
C16186,2
C16187,2
C16188,4
C16189,1
C16190,2
C16191,1
C16192,3
C16193,2
C16194,2
C16195,4
C16196,4
C16197,1
C16198,1
C16199,3
C16200,1
C16201,2
C16202,1
C16203,1
C16204,1
C16205,2
C16206,4
C16207,3
C16208,1
C16209,2
C16210,1
C16212,1
C16213,2
C16214,1
C16215,2
C16216,3
C16217,3
C16218,3
C16219,4
C16220,1
C16221,1
C16222,2
C16223,2
C16224,3
C16225,2
C16226,1
C16227,2
C16228,1
C16229,4
C16230,2
C16231,1
C16232,2
C16233,2
C16234,1
C16235,1
C16236,1
C16237,2
C16238,3
C16239,2
C16240,4
C16241,2
C16242,2
C16243,4
C16244,3
C16245,3
C16246,2
C16247,1
C16248,4
C16249,1
C16250,3
C16251,4
C16252,4
C16253,2
C16254,2
C16255,1
C16256,2
C16257,4
C16258,2
C16259,2
C16260,2
C16261,1
C16262,4
C16263,2
C16264,3
C16265,4
C16266,4
C16267,1
C16268,1
C16269,2
C16270,4
C16271,4
C16272,2
C16273,3
C16274,4
C16275,2
C16276,4
C16277,3
C16278,2
C16279,4
C16280,1
C16281,2
C16282,2
C16283,3
C16284,4
C16285,4
C16286,2
C16287,3
C16288,3
C16289,2
C16290,3
C16291,3
C16292,1
C16293,2
C16294,2
C16295,3
C16296,3
C16297,3
C16298,2
C16299,1
C16300,3
C16301,2
C16302,4
C16303,3
C16304,4
C16305,1
C16306,2
C16307,2
C16308,2
C16309,3
C16310,4
C16311,3
C16312,1
C16313,2
C16314,2
C16315,3
C16316,4
C16317,3
C16318,4
C16319,4
C16320,4
C16321,4
C16322,1
C16323,2
C16324,1
C16325,2
C16326,1
C16327,2
C16328,2
C16329,1
C16330,2
C16331,4
C16332,3
C16333,2
C16334,2
C16335,2
C16336,1
C16337,3
C16338,3
C16339,3
C16340,4
C16341,4
C16342,4
C16343,3
C16345,4
C16346,1
C16347,2
C16348,1
C16349,2
C16350,2
C16351,2
C16352,2
C16353,3
C16354,3
C16355,4
C16356,1
C16357,2
C16358,2
C16359,2
C16360,2
C16361,2
C16362,4
C16363,4
C16364,2
C16365,4
C16366,2
C16367,2
C16369,2
C16370,2
C16371,4
C16372,4
C16373,3
C16374,2
C16375,2
C16376,2
C16377,3
C16378,3
C16379,1
C16380,2
C16381,3
C16382,2
C16383,4
C16384,3
C16385,3
C16386,4
C16387,2
C16388,3
C16389,1
C16390,2
C16391,4
C16392,1
C16393,2
C16394,2
C16395,4
C16396,3
C16397,2
C16398,2
C16399,4
C16400,2
C16401,3
C16402,2
C16403,4
C16404,2
C16405,2
C16406,4
C16407,2
C16408,3
C16409,2
C16410,2
C16411,1
C16412,1
C16414,3
C16415,3
C16416,4
C16417,2
C16418,3
C16419,2
C16421,2
C16422,3
C16423,2
C16424,4
C16425,2
C16426,3
C16427,2
C16428,4
C16429,4
C16430,3
C16431,4
C16432,2
C16433,1
C16434,3
C16435,2
C16436,2
C16437,2
C16438,4
C16439,1
C16440,2
C16441,3
C16442,4
C16443,4
C16444,2
C16445,2
C16446,4
C16447,3
C16448,1
C16449,2
C16450,1
C16451,4
C16452,2
C16453,4
C16454,1
C16455,4
C16456,4
C16457,3
C16458,4
C16459,1
C16460,3
C16461,2
C16462,1
C16463,3
C16464,4
C16465,1
C16466,3
C16467,1
C16468,3
C16469,3
C16470,4
C16471,1
C16472,1
C16473,4
C16474,2
C16475,2
C16476,2
C16477,4
C16478,4
C16479,1
C16480,1
C16481,4
C16482,2
C16483,3
C16484,4
C16485,2
C16486,4
C16487,2
C16488,2
C16489,3
C16490,1
C16491,4
C16492,1
C16493,3
C16494,1
C16495,1
C16496,2
C16497,2
C16498,1
C16499,3
C16500,4
C16501,3
C16502,4
C16503,2
C16504,1
C16505,3
C16506,1
C16507,1
C16508,3
C16509,1
C16510,2
C16511,1
C16512,2
C16513,2
C16514,2
C16515,2
C16516,3
C16517,4
C16518,2
C16519,3
C16520,4
C16521,3
C16522,1
C16523,2
C16524,4
C16525,2
C16526,3
C16527,1
C16528,4
C16529,2
C16530,2
C16531,2
C16532,2
C16533,4
C16534,2
C16535,3
C16536,3
C16537,4
C16538,2
C16539,3
C16540,2
C16541,2
C16542,2
C16543,4
C16544,4
C16545,4
C16546,3
C16547,4
C16548,2
C16549,4
C16550,4
C16551,2
C16552,2
C16553,3
C16554,2
C16555,1
C16556,4
C16557,1
C16558,4
C16559,2
C16560,2
C16561,2
C16562,2
C16563,4
C16564,2
C16565,1
C16566,2
C16567,1
C16568,3
C16569,2
C16570,4
C16571,2
C16572,3
C16573,2
C16574,2
C16575,1
C16576,2
C16577,2
C16578,4
C16579,1
C16580,3
C16581,3
C16583,4
C16584,3
C16585,2
C16586,2
C16587,3
C16588,3
C16589,2
C16590,2
C16591,4
C16592,3
C16593,3
C16594,2
C16595,3
C16596,4
C16597,3
C16598,3
C16599,1
C16600,1
C16601,2
C16602,1
C16603,4
C16604,1
C16605,1
C16606,3
C16607,1
C16608,4
C16609,3
C16610,4
C16611,1
C16612,2
C16613,2
C16614,4
C16615,2
C16616,1
C16617,1
C16618,2
C16619,1
C16620,4
C16621,3
C16622,2
C16623,2
C16625,4
C16626,2
C16627,2
C16628,4
C16629,2
C16630,1
C16631,4
C16632,3
C16633,2
C16634,2
C16635,4
C16636,1
C16637,4
C16638,2
C16639,2
C16640,2
C16641,2
C16642,2
C16643,4
C16644,4
C16645,2
C16646,2
C16647,4
C16648,2
C16650,2
C16651,2
C16652,3
C16653,2
C16654,4
C16655,3
C16656,2
C16657,3
C16658,1
C16659,2
C16660,4
C16661,4
C16662,4
C16663,3
C16664,2
C16665,4
C16666,3
C16667,4
C16668,4
C16669,2
C16670,3
C16671,4
C16672,3
C16673,4
C16674,1
C16675,2
C16676,2
C16677,1
C16678,4
C16679,3
C16680,2
C16681,4
C16682,2
C16683,4
C16684,2
C16685,4
C16686,4
C16687,2
C16688,4
C16689,4
C16690,1
C16691,3
C16692,4
C16693,2
C16694,1
C16695,2
C16697,4
C16698,4
C16699,4
C16700,3
C16701,2
C16702,4
C16703,4
C16704,3
C16705,2
C16706,4
C16707,4
C16708,4
C16709,2
C16710,3
C16711,2
C16712,2
C16713,2
C16714,4
C16715,4
C16716,2
C16717,3
C16718,4
C16719,2
C16720,4
C16721,2
C16722,4
C16723,2
C16724,3
C16725,2
C16726,4
C16727,2
C16728,3
C16729,3
C16730,3
C16731,2
C16732,1
C16733,4
C16734,4
C16735,4
C16736,3
C16737,2
C16738,4
C16739,1
C16740,2
C16741,2
C16742,1
C16743,3
C16744,2
C16745,3
C16746,2
C16747,3
C16748,4
C16749,4
C16750,2
C16751,2
C16752,2
C16753,4
C16755,4
C16757,3
C16758,1
C16759,4
C16760,2
C16761,2
C16762,1
C16763,2
C16764,4
C16765,2
C16766,2
C16767,3
C16768,1
C16769,4
C16770,2
C16771,2
C16772,3
C16773,4
C16774,3
C16775,2
C16776,2
C16777,3
C16778,2
C16779,3
C16780,2
C16781,1
C16782,3
C16784,4
C16785,1
C16786,2
C16787,2
C16789,2
C16790,2
C16791,4
C16792,4
C16793,4
C16794,4
C16795,2
C16796,1
C16797,2
C16798,2
C16799,1
C16800,4
C16801,4
C16802,2
C16803,3
C16804,3
C16805,3
C16806,4
C16807,1
C16808,4
C16809,1
C16810,4
C16811,2
C16812,1
C16813,2
C16814,2
C16815,4
C16816,4
C16817,1
C16818,1
C16819,4
C16820,2
C16821,1
C16822,2
C16823,1
C16824,2
C16825,2
C16826,2
C16827,2
C16828,2
C16829,2
C16831,1
C16832,1
C16833,2
C16834,4
C16835,4
C16836,2
C16837,3
C16838,3
C16839,4
C16840,4
C16841,2
C16842,2
C16843,2
C16844,1
C16845,4
C16847,2
C16849,2
C16850,4
C16851,2
C16852,1
C16854,3
C16855,2
C16856,3
C16857,1
C16858,2
C16859,2
C16860,2
C16861,2
C16862,2
C16863,3
C16864,2
C16865,1
C16866,3
C16867,2
C16868,3
C16869,1
C16870,3
C16871,2
C16872,2
C16873,1
C16874,4
C16875,4
C16876,1
C16877,2
C16878,4
C16880,2
C16881,1
C16882,2
C16883,2
C16884,3
C16885,4
C16886,4
C16887,2
C16888,2
C16889,3
C16890,3
C16891,2
C16892,1
C16893,1
C16894,4
C16895,3
C16896,4
C16897,1
C16898,2
C16899,2
C16900,2
C16901,1
C16902,3
C16903,4
C16904,3
C16905,4
C16906,3
C16907,2
C16908,2
C16909,2
C16910,1
C16911,2
C16912,4
C16913,2
C16914,3
C16915,2
C16916,4
C16917,2
C16918,4
C16919,2
C16920,4
C16921,4
C16922,2
C16923,4
C16924,2
C16925,4
C16926,2
C16927,2
C16928,4
C16929,2
C16930,3
C16931,3
C16932,2
C16933,4
C16934,1
C16935,1
C16936,2
C16937,1
C16938,1
C16939,4
C16940,4
C16941,4
C16942,2
C16943,4
C16944,4
C16945,4
C16946,3
C16947,3
C16948,2
C16949,2
C16950,2
C16951,4
C16952,4
C16953,2
C16954,2
C16955,3
C16956,2
C16957,4
C16958,2
C16959,2
C16960,2
C16961,2
C16962,2
C16963,2
C16964,2
C16965,4
C16966,4
C16967,4
C16968,2
C16969,3
C16970,4
C16971,2
C16972,4
C16973,3
C16974,3
C16975,2
C16976,1
C16977,2
C16978,4
C16979,3
C16980,3
C16981,4
C16982,2
C16983,4
C16984,2
C16985,4
C16986,1
C16987,4
C16988,2
C16989,4
C16990,2
C16991,2
C16992,4
C16993,4
C16994,3
C16995,1
C16996,2
C16997,4
C16998,2
C16999,2
C17000,2
C17001,2
C17002,4
C17003,2
C17004,2
C17005,2
C17006,1
C17007,2
C17008,4
C17009,4
C17010,3
C17011,2
C17012,2
C17013,2
C17014,3
C17015,4
C17016,4
C17017,3
C17018,1
C17019,4
C17020,3
C17021,2
C17022,2
C17023,1
C17024,2
C17025,1
C17026,3
C17027,2
C17028,2
C17029,2
C17030,2
C17031,2
C17032,3
C17033,2
C17034,4
C17035,3
C17036,2
C17037,2
C17038,4
C17039,3
C17040,2
C17041,2
C17042,2
C17043,2
C17044,4
C17045,1
C17046,3
C17047,4
C17048,4
C17049,1
C17050,2
C17051,3
C17052,3
C17053,4
C17054,2
C17055,3
C17056,3
C17057,1
C17058,2
C17059,4
C17060,3
C17062,4
C17063,2
C17064,4
C17065,2
C17066,2
C17067,2
C17068,1
C17069,2
C17070,2
C17071,2
C17072,1
C17073,3
C17074,4
C17075,2
C17076,4
C17077,4
C17078,3
C17079,4
C17080,2
C17081,2
C17082,1
C17083,2
C17084,1
C17085,4
C17086,1
C17087,3
C17088,2
C17089,3
C17090,2
C17091,4
C17092,4
C17093,4
C17094,3
C17095,4
C17096,2
C17097,2
C17098,3
C17099,3
C17100,4
C17101,2
C17102,4
C17103,3
C17104,2
C17105,1
C17106,2
C17107,4
C17108,2
C17109,2
C17110,2
C17111,4
C17112,2
C17113,4
C17114,2
C17115,3
C17116,2
C17117,4
C17118,1
C17119,4
C17120,2
C17121,2
C17122,4
C17123,2
C17124,4
C17125,4
C17126,1
C17127,4
C17128,2
C17129,4
C17130,3
C17131,2
C17132,3
C17133,1
C17134,3
C17135,2
C17136,2
C17137,4
C17138,3
C17139,1
C17140,3
C17141,4
C17142,2
C17143,4
C17144,2
C17145,3
C17146,4
C17147,2
C17148,2
C17149,2
C17150,4
C17151,2
C17152,3
C17153,3
C17154,3
C17156,2
C17157,4
C17158,2
C17159,3
C17160,4
C17161,2
C17162,4
C17163,4
C17164,2
C17165,2
C17166,2
C17167,4
C17168,1
C17169,2
C17170,4
C17172,2
C17173,4
C17174,4
C17175,2
C17176,2
C17177,1
C17178,4
C17179,4
C17180,2
C17181,1
C17182,2
C17183,1
C17184,3
C17185,2
C17186,3
C17187,2
C17188,3
C17189,4
C17190,4
C17191,1
C17192,2
C17193,2
C17194,2
C17195,4
C17196,2
C17197,2
C17198,2
C17199,1
C17200,4
C17201,3
C17202,3
C17203,2
C17204,1
C17205,2
C17206,3
C17207,4
C17208,2
C17209,4
C17210,1
C17211,3
C17212,3
C17213,4
C17214,2
C17215,2
C17216,4
C17217,2
C17218,3
C17219,4
C17220,4
C17221,4
C17222,4
C17223,4
C17224,2
C17225,2
C17226,4
C17227,2
C17228,4
C17229,4
C17230,4
C17231,3
C17232,3
C17233,2
C17234,2
C17235,2
C17236,2
C17237,1
C17239,4
C17240,4
C17241,2
C17242,3
C17243,4
C17244,4
C17245,3
C17246,2
C17247,4
C17248,2
C17249,2
C17250,4
C17251,2
C17252,4
C17253,2
C17254,4
C17255,2
C17256,3
C17257,2
C17258,2
C17259,4
C17260,3
C17261,4
C17262,3
C17263,4
C17264,2
C17265,3
C17266,2
C17267,2
C17268,2
C17269,3
C17270,1
C17271,4
C17272,3
C17273,1
C17274,4
C17275,2
C17276,4
C17277,4
C17278,3
C17279,2
C17280,2
C17281,2
C17282,2
C17283,2
C17284,4
C17285,2
C17286,1
C17287,2
C17288,4
C17289,4
C17290,1
C17291,2
C17292,2
C17293,2
C17294,4
C17295,4
C17296,2
C17297,3
C17298,4
C17299,2
C17300,2
C17302,2
C17303,2
C17304,1
C17305,3
C17306,4
C17307,4
C17308,4
C17309,2
C17310,4
C17311,1
C17312,2
C17313,4
C17314,4
C17315,1
C17316,2
C17317,1
C17318,4
C17319,4
C17320,1
C17321,4
C17322,3
C17323,2
C17324,2
C17325,3
C17326,3
C17327,4
C17328,2
C17329,2
C17330,4
C17331,4
C17332,2
C17334,2
C17335,4
C17336,2
C17337,4
C17338,2
C17339,4
C17340,2
C17341,2
C17342,4
C17343,4
C17344,1
C17345,4
C17346,1
C17347,2
C17348,4
C17349,2
C17350,3
C17351,3
C17352,2
C17353,4
C17354,2
C17355,3
C17356,3
C17357,2
C17358,2
C17359,3
C17360,2
C17361,2
C17362,2
C17363,2
C17364,2
C17365,2
C17366,2
C17367,2
C17368,2
C17369,1
C17370,4
C17371,2
C17372,3
C17373,2
C17374,2
C17376,3
C17377,1
C17378,2
C17379,4
C17380,2
C17381,4
C17382,1
C17383,4
C17384,2
C17385,1
C17386,4
C17387,3
C17388,3
C17389,2
C17390,1
C17391,4
C17392,2
C17393,3
C17394,4
C17395,3
C17396,4
C17397,3
C17398,2
C17399,3
C17400,2
C17401,4
C17402,2
C17403,4
C17404,1
C17405,3
C17406,3
C17407,3
C17408,2
C17409,2
C17410,2
C17411,3
C17412,3
C17413,2
C17414,3
C17415,4
C17416,2
C17417,3
C17418,4
C17419,4
C17420,3
C17421,4
C17422,2
C17423,2
C17424,4
C17425,1
C17426,3
C17427,4
C17428,2
C17429,3
C17430,2
C17431,3
C17432,2
C17433,2
C17434,3
C17435,2
C17436,2
C17437,4
C17438,2
C17439,4
C17440,1
C17441,4
C17442,2
C17443,4
C17444,2
C17445,2
C17446,2
C17448,1
C17449,2
C17450,1
C17451,2
C17452,2
C17453,2
C17454,3
C17455,4
C17456,2
C17457,2
C17458,4
C17459,1
C17460,2
C17461,1
C17462,2
C17463,2
C17464,2
C17465,4
C17466,1
C17467,4
C17468,3
C17469,3
C17470,2
C17471,2
C17472,3
C17473,1
C17474,2
C17476,1
C17477,2
C17478,4
C17479,4
C17480,4
C17481,4
C17482,2
C17483,4
C17484,2
C17485,2
C17486,4
C17487,3
C17488,3
C17489,2
C17490,2
C17491,4
C17492,2
C17493,2
C17494,3
C17495,4
C17496,2
C17497,2
C17498,4
C17499,2
C17500,4
C17501,2
C17502,2
C17503,4
C17504,2
C17505,1
C17506,4
C17507,2
C17508,4
C17509,2
C17510,2
C17511,2
C17512,2
C17513,4
C17514,4
C17515,2
C17516,1
C17517,4
C17518,4
C17519,4
C17521,3
C17522,2
C17523,4
C17524,2
C17525,2
C17526,4
C17527,2
C17528,1
C17529,1
C17530,2
C17531,3
C17532,2
C17533,3
C17534,1
C17535,1
C17536,2
C17538,3
C17539,4
C17540,4
C17541,1
C17542,2
C17543,3
C17544,4
C17545,4
C17546,4
C17547,4
C17548,4
C17549,1
C17550,1
C17551,4
C17553,4
C17554,4
C17555,4
C17556,4
C17557,4
C17558,2
C17559,2
C17560,2
C17561,1
C17562,4
C17563,2
C17565,2
C17566,1
C17567,4
C17568,3
C17569,4
C17570,4
C17571,4
C17572,4
C17573,1
C17574,1
C17575,2
C17576,3
C17577,4
C17578,4
C17579,1
C17580,2
C17581,2
C17582,2
C17583,4
C17584,2
C17585,3
C17586,4
C17587,2
C17588,4
C17589,4
C17590,3
C17591,2
C17593,2
C17594,2
C17595,2
C17596,3
C17597,2
C17598,3
C17599,2
C17600,2
C17601,4
C17602,2
C17603,2
C17604,2
C17605,2
C17606,4
C17607,2
C17608,2
C17609,2
C17610,4
C17611,4
C17612,2
C17613,2
C17614,3
C17615,2
C17616,2
C17617,2
C17618,4
C17619,1
C17620,2
C17621,1
C17622,3
C17623,2
C17624,2
C17625,2
C17626,2
C17628,2
C17629,3
C17630,1
C17631,3
C17632,4
C17633,2
C17634,4
C17635,4
C17636,3
C17637,2
C17638,2
C17639,4
C17640,2
C17641,4
C17642,2
C17643,2
C17644,2
C17645,2
C17646,3
C17647,1
C17648,2
C17649,1
C17650,4
C17651,4
C17652,2
C17653,2
C17654,3
C17655,2
C17656,2
C17657,2
C17658,4
C17659,4
C17660,2
C17661,1
C17662,2
C17663,2
C17664,3
C17665,4
C17666,2
C17667,2
C17668,2
C17669,4
C17670,3
C17671,2
C17672,2
C17673,4
C17674,2
C17675,2
C17676,1
C17677,3
C17678,2
C17679,2
C17680,4
C17681,2
C17682,4
C17683,2
C17684,2
C17685,2
C17686,3
C17687,1
C17688,4
C17689,2
C17690,3
C17691,2
C17692,2
C17693,1
C17694,1
C17695,4
C17696,2
C17697,4
C17698,2
C17699,2
C17700,4
C17701,1
C17702,2
C17703,2
C17704,2
C17705,2
C17706,3
C17707,4
C17708,4
C17709,4
C17710,4
C17711,1
C17712,2
C17713,4
C17714,4
C17715,4
C17716,1
C17717,1
C17718,2
C17719,1
C17720,4
C17721,2
C17722,2
C17723,2
C17724,1
C17726,4
C17727,1
C17728,2
C17729,2
C17730,4
C17731,1
C17732,2
C17733,4
C17734,4
C17735,2
C17736,4
C17737,2
C17738,3
C17739,2
C17740,1
C17741,2
C17742,3
C17743,2
C17744,2
C17745,2
C17746,2
C17747,2
C17748,4
C17749,2
C17750,2
C17751,4
C17752,2
C17753,4
C17754,3
C17755,4
C17756,2
C17757,1
C17758,4
C17759,3
C17760,4
C17761,2
C17762,2
C17763,2
C17764,3
C17765,4
C17767,2
C17768,4
C17769,4
C17770,1
C17771,2
C17772,4
C17773,4
C17774,1
C17776,4
C17777,4
C17778,2
C17779,2
C17780,2
C17781,4
C17782,2
C17783,4
C17784,3
C17785,4
C17786,4
C17787,2
C17788,3
C17789,3
C17790,3
C17791,2
C17792,1
C17793,1
C17794,2
C17795,3
C17796,4
C17797,3
C17798,2
C17799,2
C17800,4
C17801,4
C17802,3
C17803,4
C17804,1
C17805,2
C17806,2
C17807,3
C17808,4
C17809,2
C17810,4
C17811,2
C17812,4
C17813,2
C17814,2
C17815,4
C17816,4
C17817,1
C17818,2
C17819,4
C17820,2
C17821,4
C17822,2
C17823,2
C17824,3
C17825,4
C17826,3
C17827,3
C17828,2
C17829,2
C17830,2
C17831,4
C17832,2
C17833,4
C17834,4
C17835,1
C17836,4
C17837,2
C17838,4
C17839,2
C17840,3
C17841,3
C17842,4
C17843,2
C17844,4
C17845,2
C17846,2
C17847,2
C17848,2
C17849,2
C17850,4
C17851,3
C17852,4
C17853,4
C17854,3
C17855,3
C17856,3
C17857,4
C17858,2
C17859,4
C17860,1
C17861,1
C17862,3
C17863,4
C17864,2
C17865,4
C17866,4
C17867,1
C17868,4
C17869,2
C17870,2
C17871,4
C17872,4
C17873,3
C17874,3
C17875,2
C17876,4
C17877,2
C17878,3
C17879,2
C17880,2
C17881,2
C17882,1
C17883,3
C17884,4
C17885,2
C17886,1
C17887,3
C17888,2
C17889,3
C17890,3
C17891,3
C17892,3
C17893,4
C17894,3
C17895,4
C17896,2
C17897,4
C17898,1
C17899,3
C17900,2
C17901,2
C17902,2
C17903,4
C17904,2
C17905,2
C17906,4
C17907,2
C17908,2
C17909,2
C17910,4
C17911,3
C17912,1
C17913,4
C17914,2
C17915,2
C17916,3
C17917,1
C17919,2
C17920,4
C17921,2
C17922,4
C17923,2
C17924,2
C17925,4
C17926,2
C17927,4
C17928,4
C17929,4
C17930,3
C17931,2
C17933,4
C17934,2
C17935,4
C17937,2
C17938,1
C17939,4
C17940,2
C17941,3
C17942,4
C17943,2
C17944,4
C17945,4
C17946,2
C17947,2
C17948,4
C17950,2
C17951,2
C17952,1
C17953,2
C17954,4
C17955,2
C17956,3
C17957,2
C17958,3
C17959,2
C17960,2
C17962,4
C17963,2
C17964,2
C17965,2
C17966,2
C17967,2
C17968,2
C17969,4
C17970,1
C17971,2
C17972,1
C17973,4
C17974,2
C17975,3
C17976,4
C17977,4
C17978,2
C17979,1
C17980,2
C17981,4
C17982,1
C17983,3
C17984,2
C17985,2
C17986,3
C17988,2
C17989,2
C17990,4
C17991,2
C17992,4
C17993,2
C17994,2
C17995,2
C17996,4
C17997,3
C17998,1
C17999,4
C18000,2
C18001,2
C18002,2
C18003,2
C18004,4
C18005,4
C18006,1
C18007,4
C18008,4
C18009,4
C18010,2
C18011,2
C18012,4
C18013,4
C18014,2
C18015,2
C18016,4
C18017,3
C18018,4
C18019,3
C18020,3
C18021,1
C18022,2
C18023,3
C18024,2
C18025,1
C18026,3
C18027,2
C18028,1
C18029,4
C18031,1
C18032,1
C18033,4
C18034,2
C18035,1
C18036,2
C18037,2
C18038,4
C18039,3
C18040,4
C18041,2
C18042,4
C18043,3
C18044,4
C18045,4
C18046,2
C18047,4
C18048,2
C18049,2
C18050,4
C18051,1
C18052,3
C18053,3
C18054,3
C18055,2
C18056,1
C18057,2
C18058,4
C18059,2
C18060,1
C18061,2
C18062,2
C18063,4
C18064,2
C18065,1
C18066,4
C18067,1
C18068,4
C18069,2
C18070,2
C18071,2
C18072,2
C18073,3
C18074,3
C18075,2
C18076,3
C18077,4
C18078,2
C18079,2
C18080,2
C18081,4
C18082,2
C18083,3
C18084,4
C18085,3
C18086,4
C18088,2
C18089,2
C18090,4
C18091,4
C18092,2
C18093,4
C18094,4
C18095,2
C18096,1
C18097,2
C18098,4
C18099,4
C18100,4
C18101,2
C18102,1
C18103,4
C18104,4
C18105,2
C18106,4
C18107,4
C18108,3
C18109,4
C18110,4
C18111,3
C18112,4
C18113,1
C18114,4
C18115,3
C18116,1
C18117,1
C18118,3
C18119,4
C18120,2
C18121,4
C18122,2
C18123,2
C18124,4
C18125,1
C18126,4
C18127,2
C18128,4
C18129,4
C18130,4
C18131,4
C18132,2
C18134,2
C18135,2
C18136,1
C18137,2
C18138,1
C18139,3
C18140,2
C18141,4
C18142,2
C18143,2
C18144,4
C18145,1
C18146,2
C18147,4
C18148,4
C18149,2
C18150,4
C18151,2
C18152,4
C18153,2
C18154,2
C18155,4
C18156,1
C18157,4
C18158,4
C18159,2
C18160,2
C18161,2
C18162,2
C18163,4
C18164,2
C18165,4
C18166,2
C18167,2
C18168,2
C18169,2
C18170,4
C18171,2
C18172,3
C18173,2
C18174,2
C18175,3
C18176,4
C18177,1
C18179,3
C18180,2
C18181,4
C18182,2
C18183,2
C18184,4
C18185,4
C18186,2
C18187,4
C18188,4
C18189,4
C18190,2
C18191,1
C18192,4
C18193,4
C18194,4
C18195,2
C18196,4
C18197,4
C18198,3
C18199,2
C18200,4
C18201,2
C18202,4
C18203,4
C18204,4
C18205,4
C18206,2
C18207,3
C18208,4
C18209,2
C18210,2
C18211,3
C18212,4
C18214,2
C18215,4
C18216,3
C18217,2
C18218,2
C18219,2
C18220,4
C18221,4
C18222,1
C18223,4
C18224,2
C18225,4
C18226,2
C18227,4
C18228,2
C18229,2
C18230,2
C18231,2
C18232,4
C18233,4
C18234,4
C18235,2
C18236,2
C18237,2
C18238,1
C18239,4
C18240,4
C18241,4
C18242,2
C18243,1
C18244,4
C18245,4
C18246,2
C18247,2
C18248,2
C18249,2
C18250,4
C18251,2
C18252,4
C18253,2
C18254,3
C18255,2
C18256,4
C18257,4
C18258,3
C18259,4
C18260,4
C18261,4
C18262,4
C18263,3
C18264,4
C18266,2
C18267,2
C18268,4
C18269,2
C18270,3
C18271,2
C18272,4
C18273,3
C18274,4
C18275,4
C18276,4
C18277,4
C18278,2
C18279,1
C18280,4
C18281,4
C18282,2
C18283,4
C18284,4
C18285,2
C18286,4
C18287,2
C18288,2
C18289,4
C18290,2
C18291,1
C18292,1
C18293,3
C18294,2
C18296,2
C18297,4
C18298,4
C18299,4
C18300,4
C18301,3
C18302,4
C18303,2
C18304,2
C18305,3
C18306,2
C18307,2
C18308,1
C18309,4
C18310,2
C18311,4
C18312,2
C18313,4
C18314,2
C18315,4
C18316,2
C18317,2
C18318,4
C18319,4
C18320,3
C18321,2
C18322,4
C18323,4
C18324,2
C18326,4
C18327,4
C18328,4
C18329,2
C18330,1
C18331,3
C18332,4
C18333,2
C18334,2
C18335,2
C18336,4
C18337,4
C18338,4
C18339,3
C18340,3
C18341,2
C18342,3
C18343,4
C18344,4
C18345,4
C18346,2
C18347,3
C18348,1
C18349,4
C18350,4
C18351,2
C18352,2
C18353,2
C18354,2
C18355,4
C18356,2
C18357,2
C18358,3
C18359,3
C18360,3
C18361,4
C18362,2
C18363,2
C18364,4
C18365,3
C18366,4
C18367,3
C18368,3
C18369,2
C18370,3
C18371,3
C18372,4
C18373,2
C18374,3
C18375,4
C18376,2
C18377,2
C18378,2
C18379,1
C18380,3
C18381,4
C18382,3
C18383,2
C18384,3
C18385,2
C18386,4
C18387,2
C18388,4
C18389,2
C18390,2
C18391,4
C18392,4
C18393,2
C18394,1
C18395,4
C18396,4
C18397,1
C18398,2
C18399,4
C18400,3
C18401,1
C18402,1
C18403,4
C18404,2
C18405,4
C18406,4
C18407,2
C18408,2
C18409,4
C18410,2
C18411,2
C18412,2
C18413,3
C18414,2
C18415,3
C18416,4
C18417,2
C18418,2
C18419,4
C18420,3
C18421,4
C18422,4
C18423,2
C18424,3
C18425,4
C18426,2
C18427,2
C18428,3
C18429,4
C18430,2
C18431,2
C18432,2
C18433,2
C18434,4
C18435,1
C18436,2
C18437,3
C18438,2
C18439,2
C18440,2
C18441,4
C18442,2
C18443,3
C18444,4
C18445,2
C18446,2
C18447,3
C18449,2
C18450,2
C18451,2
C18452,2
C18453,2
C18454,2
C18455,4
C18456,2
C18457,4
C18458,3
C18459,2
C18460,1
C18461,3
C18462,4
C18463,2
C18464,3
C18465,2
C18466,4
C18467,4
C18468,4
C18469,4
C18470,2
C18471,2
C18472,3
C18473,4
C18474,4
C18475,2
C18476,2
C18477,1
C18478,2
C18479,3
C18480,4
C18481,2
C18482,4
C18483,4
C18484,4
C18485,3
C18486,3
C18487,2
C18488,2
C18489,3
C18490,2
C18491,4
C18492,4
C18493,4
C18494,4
C18495,4
C18496,4
C18497,2
C18498,2
C18499,4
C18500,4
C18501,2
C18502,2
C18503,2
C18504,3
C18505,3
C18506,4
C18507,4
C18508,3
C18509,2
C18510,4
C18511,4
C18512,4
C18513,1
C18514,2
C18515,2
C18516,4
C18517,3
C18518,2
C18519,3
C18520,4
C18521,4
C18522,3
C18523,3
C18524,4
C18525,2
C18526,2
C18527,3
C18528,3
C18529,3
C18530,3
C18531,4
C18532,1
C18533,4
C18534,1
C18535,2
C18536,3
C18537,2
C18538,2
C18539,3
C18540,2
C18541,2
C18542,2
C18543,2
C18544,2
C18545,4
C18546,4
C18547,4
C18548,2
C18549,4
C18550,2
C18551,4
C18552,4
C18553,2
C18554,2
C18555,4
C18556,4
C18557,2
C18558,4
C18559,2
C18560,4
C18561,2
C18562,4
C18563,4
C18564,2
C18565,2
C18566,4
C18567,2
C18568,3
C18569,4
C18570,4
C18571,3
C18572,2
C18573,4
C18574,2
C18575,2
C18577,4
C18578,1
C18579,4
C18580,4
C18582,1
C18583,2
C18584,4
C18585,4
C18586,4
C18587,2
C18588,3
C18589,2
C18590,4
C18591,2
C18592,4
C18593,2
C18594,3
C18595,4
C18596,4
C18598,2
C18599,1
C18600,2
C18601,3
C18602,4
C18603,4
C18604,4
C18605,4
C18606,4
C18607,4
C18608,2
C18609,1
C18610,2
C18611,2
C18613,4
C18614,4
C18615,2
C18616,3
C18617,1
C18618,2
C18619,4
C18620,3
C18621,1
C18622,2
C18623,2
C18624,4
C18625,2
C18626,2
C18627,2
C18628,2
C18629,2
C18631,2
C18632,4
C18633,4
C18634,2
C18635,2
C18636,3
C18637,3
C18638,2
C18639,4
C18640,4
C18641,4
C18642,4
C18643,4
C18644,2
C18645,2
C18646,4
C18647,3
C18648,3
C18649,2
C18650,2
C18652,2
C18653,2
C18654,2
C18655,2
C18656,4
C18657,2
C18658,2
C18660,2
C18661,2
C18662,2
C18663,2
C18664,1
C18665,4
C18666,3
C18667,4
C18668,4
C18669,2
C18671,2
C18672,4
C18673,2
C18674,2
C18675,4
C18676,2
C18677,2
C18678,2
C18679,2
C18680,3
C18682,1
C18683,3
C18684,1
C18685,4
C18686,4
C18687,3
C18688,2
C18689,4
C18690,4
C18691,2
C18692,4
C18693,3
C18694,2
C18695,1
C18696,4
C18697,2
C18698,2
C18699,1
C18700,4
C18701,2
C18702,2
C18703,2
C18704,2
C18705,4
C18706,3
C18707,2
C18708,2
C18709,3
C18710,2
C18711,2
C18712,4
C18713,2
C18714,2
C18715,2
C18716,4
C18717,4
C18718,4
C18719,1
C18720,2
C18721,2
C18722,4
C18723,4
C18724,2
C18725,1
C18726,4
C18728,2
C18729,4
C18730,2
C18731,2
C18732,2
C18733,3
C18734,3
C18735,2
C18736,2
C18737,2
C18738,2
C18739,2
C18740,4
C18741,2
C18742,4
C18743,2
C18744,4
C18745,4
C18746,4
C18747,2
C18748,4
C18749,3
C18750,2
C18751,4
C18752,3
C18753,4
C18754,2
C18755,2
C18756,4
C18757,4
C18758,4
C18760,4
C18761,3
C18762,4
C18763,2
C18764,2
C18765,4
C18766,4
C18767,4
C18768,2
C18769,4
C18770,4
C18771,4
C18772,2
C18773,1
C18774,2
C18775,4
C18776,2
C18778,3
C18779,4
C18780,4
C18781,4
C18782,3
C18783,2
C18784,4
C18785,1
C18786,4
C18787,2
C18788,4
C18789,2
C18790,4
C18791,4
C18792,2
C18793,2
C18794,4
C18795,4
C18796,1
C18797,3
C18798,2
C18800,2
C18801,3
C18802,2
C18803,2
C18804,1
C18805,4
C18806,4
C18807,4
C18808,2
C18809,2
C18810,4
C18811,2
C18812,2
C18813,4
C18814,2
C18815,2
C18816,3
C18817,2
C18818,3
C18819,2
C18820,2
C18821,4
C18822,4
C18823,4
C18824,4
C18825,2
C18826,3
C18827,2
C18828,2
C18829,2
C18830,4
C18831,2
C18832,2
C18833,2
C18834,4
C18835,4
C18836,1
C18837,4
C18838,4
C18839,2
C18840,4
C18841,2
C18842,4
C18843,2
C18844,4
C18845,1
C18846,2
C18847,1
C18848,4
C18849,2
C18850,3
C18851,4
C18852,4
C18853,2
C18854,4
C18855,2
C18856,2
C18857,4
C18858,4
C18859,2
C18860,3
C18861,4
C18862,2
C18863,4
C18864,4
C18865,4
C18866,4
C18867,2
C18868,2
C18869,2
C18870,4
C18871,2
C18872,2
C18873,3
C18874,4
C18875,2
C18877,2
C18878,4
C18879,4
C18880,2
C18881,2
C18882,2
C18883,2
C18885,3
C18886,4
C18887,3
C18888,4
C18889,2
C18890,4
C18891,2
C18892,2
C18893,4
C18895,2
C18896,4
C18897,2
C18898,1
C18899,1
C18900,2
C18901,4
C18902,2
C18903,4
C18904,4
C18905,2
C18906,4
C18907,2
C18908,2
C18909,3
C18910,2
C18911,2
C18912,2
C18913,2
C18914,4
C18915,3
C18916,3
C18917,2
C18918,4
C18919,4
C18920,2
C18921,3
C18922,3
C18923,2
C18924,2
C18925,3
C18926,1
C18927,3
C18928,2
C18929,2
C18930,2
C18931,3
C18932,4
C18933,4
C18934,2
C18935,1
C18936,2
C18937,3
C18938,2
C18939,4
C18940,4
C18941,4
C18942,3
C18943,4
C18944,1
C18945,2
C18946,2
C18947,2
C18948,4
C18949,4
C18950,2
C18951,4
C18952,4
C18953,1
C18954,4
C18955,2
C18956,2
C18957,3
C18958,4
C18959,3
C18960,2
C18961,2
C18962,1
C18963,4
C18964,4
C18965,4
C18966,3
C18967,2
C18968,4
C18969,2
C18970,2
C18971,2
C18972,4
C18973,3
C18975,1
C18976,2
C18977,3
C18978,3
C18979,4
C18980,4
C18982,2
C18983,2
C18984,3
C18985,2
C18986,4
C18987,2
C18988,4
C18989,4
C18990,4
C18991,2
C18992,4
C18993,4
C18994,2
C18995,4
C18996,3
C18997,2
C18998,2
C18999,4
C19000,4
C19001,4
C19002,2
C19003,4
C19004,2
C19005,4
C19006,4
C19007,4
C19008,4
C19009,4
C19010,2
C19011,4
C19012,4
C19013,2
C19014,4
C19015,4
C19016,3
C19017,2
C19018,2
C19019,3
C19020,4
C19021,2
C19022,4
C19023,2
C19024,3
C19025,4
C19026,2
C19027,4
C19028,2
C19030,2
C19031,2
C19032,3
C19033,2
C19034,4
C19035,3
C19036,2
C19037,4
C19038,4
C19039,4
C19040,4
C19041,1
C19042,2
C19043,4
C19044,3
C19045,2
C19046,4
C19047,2
C19048,4
C19049,4
C19050,4
C19051,2
C19052,2
C19053,3
C19054,4
C19055,2
C19056,3
C19057,4
C19058,4
C19059,2
C19060,4
C19061,2
C19062,4
C19063,4
C19064,4
C19065,4
C19066,4
C19068,4
C19069,3
C19070,4
C19071,2
C19072,2
C19073,2
C19074,2
C19075,4
C19076,3
C19077,4
C19078,4
C19079,3
C19080,4
C19081,3
C19082,2
C19083,2
C19084,2
C19085,2
C19086,3
C19087,4
C19088,4
C19089,4
C19090,4
C19091,4
C19092,2
C19093,2
C19094,2
C19095,2
C19096,2
C19097,1
C19098,3
C19099,3
C19100,4
C19101,4
C19102,4
C19103,2
C19104,4
C19105,4
C19106,4
C19107,4
C19108,2
C19109,2
C19110,3
C19111,4
C19112,2
C19113,4
C19114,4
C19115,4
C19116,4
C19117,2
C19118,4
C19119,2
C19120,4
C19121,2
C19122,4
C19123,2
C19124,4
C19125,2
C19126,2
C19127,2
C19128,4
C19129,4
C19130,4
C19131,4
C19132,4
C19133,2
C19134,4
C19135,4
C19136,2
C19137,4
C19138,1
C19139,4
C19140,2
C19141,4
C19142,2
C19143,4
C19144,4
C19145,4
C19146,4
C19147,2
C19148,4
C19149,4
C19150,2
C19151,2
C19152,4
C19153,4
C19154,4
C19155,3
C19156,4
C19157,2
C19158,3
C19159,4
C19160,2
C19161,2
C19162,4
C19163,4
C19164,1
C19165,2
C19166,4
C19167,4
C19168,4
C19169,4
C19170,2
C19171,4
C19172,4
C19173,4
C19174,4
C19175,4
C19176,4
C19177,4
C19178,2
C19179,2
C19180,2
C19181,4
C19182,3
C19183,4
C19184,2
C19185,2
C19186,4
C19187,4
C19188,4
C19189,2
C19190,2
